692984,4,441314,,1,10/01/2020,12/31/2020,06/25/2021,N,N,N,10001,4,06/24/2021,F,,,06/23/2021
693446,11,420073,,1,10/01/2020,01/31/2021,07/15/2021,N,N,N,11001,4,07/01/2021,F,,,06/30/2021
695160,4,353026,,2,10/01/2020,12/31/2020,08/09/2021,N,N,N,03001,4,08/06/2021,F,08/06/2021,,05/24/2021
695329,4,111314,,1,10/01/2020,12/31/2020,08/11/2021,N,N,N,10001,4,08/09/2021,F,,,07/30/2021
695374,4,341317,,1,10/01/2020,12/31/2020,08/11/2021,N,N,N,11501,4,08/10/2021,F,,,08/03/2021
695408,2,511320,,1,10/01/2020,12/31/2020,08/11/2021,N,N,N,11401,4,08/09/2021,F,,,07/28/2021
695541,2,520011,,1,10/01/2020,12/31/2020,08/12/2021,N,N,N,06001,4,08/05/2021,F,,,07/28/2021
695846,2,520037,,1,10/01/2020,12/31/2020,08/17/2021,N,N,N,06001,4,08/03/2021,F,,,07/29/2021
695906,2,030147,,1,11/17/2020,12/31/2020,08/18/2021,N,N,N,03001,4,08/17/2021,F,,,07/27/2021
696173,2,521328,,1,10/01/2020,12/31/2020,08/19/2021,N,N,N,06001,4,08/06/2021,F,,,07/30/2021
696300,2,200021,,1,10/01/2020,12/31/2020,08/23/2021,N,N,N,14011,4,08/09/2021,F,,,07/30/2021
696323,9,340141,,5,10/01/2020,01/31/2021,08/23/2021,N,N,N,11501,4,08/20/2021,F,,,08/19/2021
696374,2,150045,,1,10/01/2020,12/31/2020,08/24/2021,N,N,N,08001,4,08/23/2021,F,,,07/29/2021
697563,2,230118,,1,10/01/2020,01/29/2021,09/01/2021,N,N,N,08001,4,08/30/2021,F,,,07/30/2021
697789,1,150086,,1,11/01/2020,12/31/2020,09/16/2021,N,N,N,08001,4,09/01/2021,F,,,08/02/2021
698385,2,341314,,1,10/01/2020,12/31/2020,09/16/2021,N,N,N,05901,4,09/14/2021,F,,,08/02/2021
698781,2,301306,,1,10/01/2020,04/30/2021,09/23/2021,N,N,N,14011,4,09/03/2021,F,,,09/01/2021
699493,2,300005,,1,10/01/2020,04/30/2021,10/20/2021,N,N,N,14011,4,10/05/2021,F,,,09/28/2021
699498,9,361331,,1,01/01/2021,05/01/2021,10/20/2021,N,N,N,15201,4,09/30/2021,F,,,09/28/2021
699530,2,050660,,1,10/01/2020,12/31/2020,10/20/2021,N,N,N,01011,4,10/06/2021,F,,,10/04/2021
699531,2,050696,,1,10/01/2020,12/31/2020,10/20/2021,N,N,N,01011,4,10/06/2021,F,,,10/04/2021
699807,11,190146,,1,10/01/2020,12/31/2020,10/20/2021,N,N,N,07001,4,10/13/2021,F,,,09/27/2021
699986,4,363043,,2,12/29/2020,03/31/2021,10/21/2021,N,N,N,15201,4,10/04/2021,F,10/18/2021,,08/02/2021
700251,2,490001,,1,10/01/2020,02/27/2021,10/28/2021,N,N,N,11301,4,10/27/2021,F,,,10/27/2021
700312,5,364064,,2,11/21/2020,03/31/2021,10/29/2021,N,N,N,15201,4,10/11/2021,F,10/25/2021,,09/01/2021
700323,2,420057,,1,10/01/2020,12/31/2020,10/29/2021,N,N,N,11001,4,10/28/2021,F,,,10/22/2021
700378,2,260064,,1,01/01/2021,03/15/2021,10/31/2021,N,N,N,05001,4,10/28/2021,F,,,09/20/2021
700610,2,271337,,1,10/01/2020,05/31/2021,11/10/2021,N,N,N,03001,4,11/03/2021,F,,,10/29/2021
701671,2,180070,,1,01/01/2021,05/31/2021,11/12/2021,N,N,N,15101,4,11/10/2021,F,,,10/29/2021
705263,2,030146,,2,10/29/2020,12/31/2020,11/24/2021,N,N,N,03001,4,11/19/2021,F,11/19/2021,,07/30/2021
705524,2,520107,,1,01/01/2021,06/30/2021,11/30/2021,N,N,N,06001,4,11/18/2021,F,,,11/17/2021
705766,2,340050,,1,10/01/2020,06/30/2021,12/02/2021,N,N,N,11501,4,12/01/2021,F,,,11/30/2021
705860,2,271324,,5,01/01/2021,05/31/2021,12/03/2021,N,N,N,03001,4,12/02/2021,F,,,11/04/2021
706503,4,440137,,1,01/01/2021,06/30/2021,12/10/2021,N,N,N,05901,4,12/09/2021,F,,,11/23/2021
706504,4,440144,,1,01/01/2021,06/30/2021,12/10/2021,N,N,N,05901,4,12/08/2021,F,,,11/23/2021
706877,2,413025,,2,01/01/2021,03/31/2021,12/14/2021,N,N,N,14011,4,12/03/2021,F,12/14/2021,,09/09/2021
707155,2,670300,,1,03/24/2021,06/30/2021,12/15/2021,Y,N,N,04011,4,12/14/2021,F,,,11/26/2021
707180,2,050136,,1,01/01/2021,06/30/2021,12/16/2021,N,N,N,01011,4,12/14/2021,F,,,11/29/2021
707218,9,111333,,1,10/01/2020,09/30/2021,12/16/2021,N,N,N,10001,4,12/15/2021,F,,,12/14/2021
707392,2,490084,,1,01/01/2021,06/30/2021,12/16/2021,N,N,N,11301,4,12/07/2021,F,,,11/24/2021
707917,2,050124,,1,01/01/2021,06/30/2021,12/21/2021,N,N,N,01011,4,12/20/2021,F,,,12/01/2021
707962,8,141337,,1,05/01/2021,06/30/2021,12/21/2021,N,N,N,06101,4,12/16/2021,F,,,12/01/2021
708118,10,014012,,1,10/01/2020,09/30/2021,12/23/2021,N,N,N,10001,4,12/22/2021,F,,,12/16/2021
708399,4,320065,,1,01/01/2021,06/30/2021,12/23/2021,N,N,N,04011,4,12/21/2021,F,,,12/01/2021
709385,2,201305,,1,01/01/2021,06/30/2021,12/30/2021,N,N,N,14011,4,12/23/2021,F,,,12/20/2021
709557,2,051321,,1,01/01/2021,06/30/2021,12/31/2021,N,N,N,01011,4,12/29/2021,F,,,12/01/2021
709691,2,510050,,1,10/01/2020,09/30/2021,12/31/2021,N,N,N,11401,4,12/30/2021,F,,,12/22/2021
709711,4,390324,,1,11/01/2020,06/30/2021,01/13/2022,N,N,N,12001,4,12/30/2021,F,,,12/23/2021
709754,2,510007,,1,10/01/2020,09/30/2021,01/13/2022,N,N,N,11401,4,01/03/2022,F,,,12/30/2021
709803,4,420026,,1,10/01/2020,07/31/2021,01/13/2022,N,N,N,11001,4,01/04/2022,F,,,01/04/2022
709810,4,454152,,2,12/31/2020,05/31/2021,01/13/2022,Y,N,N,04011,4,01/03/2022,F,01/07/2022,,10/07/2021
709892,5,101993,,2,10/01/2020,09/30/2021,01/13/2022,N,N,N,10001,4,01/06/2022,N,01/06/2022,,12/29/2021
709894,4,142008,,1,12/16/2020,08/31/2021,01/13/2022,N,N,N,05901,4,01/05/2022,F,,,12/15/2021
709895,4,142009,,1,12/17/2020,08/31/2021,01/13/2022,N,N,N,05901,4,01/05/2022,F,,,12/15/2021
710010,4,100029,,1,06/01/2021,07/31/2021,01/13/2022,N,N,N,04011,4,01/10/2022,F,,,12/30/2021
710053,4,100183,,1,01/01/2021,07/31/2021,01/13/2022,N,N,N,04011,4,01/11/2022,F,,,01/03/2022
710054,4,100187,,1,01/01/2021,07/31/2021,01/13/2022,N,N,N,04011,4,01/11/2022,F,,,01/03/2022
710111,2,520213,,2,12/22/2020,06/30/2021,01/13/2022,N,N,N,06001,4,01/03/2022,F,01/11/2022,,11/17/2021
710201,9,241367,,1,01/01/2021,06/30/2021,01/14/2022,N,N,N,06201,4,01/10/2022,F,,,01/07/2022
710233,4,100053,,1,06/01/2021,07/31/2021,01/17/2022,N,N,N,04011,4,01/14/2022,F,,,01/03/2022
710314,2,200008,,1,10/01/2020,09/30/2021,01/19/2022,N,N,N,14011,4,01/06/2022,F,,,01/05/2022
710791,11,131324,,1,10/01/2020,09/30/2021,01/28/2022,N,N,N,02001,4,01/26/2022,F,,,01/07/2022
710916,9,250123,,1,10/01/2020,09/30/2021,01/31/2022,N,N,N,07001,4,01/28/2022,F,,,12/29/2021
710987,4,152013,,1,06/01/2021,08/31/2021,02/01/2022,N,N,N,12001,4,01/31/2022,F,,,01/26/2022
711013,2,310108,,1,01/01/2021,06/30/2021,02/01/2022,N,N,N,12001,4,01/31/2022,F,,,01/27/2022
711100,2,241372,,1,10/01/2020,09/30/2021,02/02/2022,N,N,N,06201,4,02/01/2022,F,,,01/28/2022
711344,1,450272,,1,01/01/2021,06/30/2021,02/07/2022,N,N,O,04011,4,02/03/2022,F,,,01/31/2022
711490,2,241364,,1,10/01/2020,09/30/2021,02/09/2022,N,N,O,06201,4,02/08/2022,F,,,02/04/2022
711492,11,241373,,1,10/01/2020,09/30/2021,02/09/2022,N,N,O,06201,4,02/03/2022,F,,,02/02/2022
711528,9,171328,,1,10/01/2020,09/30/2021,02/10/2022,N,N,N,05001,4,02/08/2022,F,,,01/19/2022
711632,9,261302,,1,10/01/2020,09/30/2021,02/11/2022,N,N,N,05001,4,02/09/2022,F,,,01/12/2022
711676,2,140062,,1,01/01/2021,08/31/2021,02/14/2022,N,N,O,06101,4,02/10/2022,F,,,02/01/2022
711710,4,452073,,1,06/01/2021,08/31/2021,02/14/2022,N,N,N,12001,4,02/11/2022,F,,,01/26/2022
711767,5,113032,,1,10/01/2020,09/30/2021,02/16/2022,N,N,N,10001,4,02/14/2022,F,,,02/11/2022
711795,4,343027,,1,10/01/2020,09/30/2021,02/16/2022,N,N,N,11501,4,02/14/2022,F,,,02/11/2022
711809,4,423032,,1,10/01/2020,09/30/2021,02/16/2022,N,N,N,11001,4,02/14/2022,F,,,02/11/2022
711810,5,423033,,1,10/01/2020,09/30/2021,02/16/2022,N,N,N,11001,4,02/14/2022,F,,,02/11/2022
711816,5,443033,,1,10/01/2020,09/30/2021,02/16/2022,N,N,N,10001,4,02/14/2022,F,,,02/11/2022
711817,5,443036,,1,10/01/2020,09/30/2021,02/16/2022,N,N,N,10001,4,02/14/2022,F,,,02/11/2022
711849,9,110032,,1,10/01/2020,09/30/2021,02/16/2022,N,N,O,10001,4,02/15/2022,F,,,02/14/2022
711868,5,223029,,1,10/01/2020,09/30/2021,02/16/2022,N,N,N,14011,4,02/12/2022,F,,,02/11/2022
711926,2,010034,,1,10/01/2020,09/30/2021,02/17/2022,N,N,O,10001,4,02/16/2022,F,,,02/15/2022
711981,2,420049,,1,10/01/2020,09/30/2021,02/17/2022,N,N,O,11001,4,02/16/2022,F,,,02/15/2022
711991,4,454138,,1,05/01/2021,09/15/2021,02/17/2022,N,N,O,12001,4,02/16/2022,F,,,02/11/2022
711996,2,521320,,1,10/01/2020,09/30/2021,02/17/2022,N,N,O,06001,4,02/16/2022,F,,,02/15/2022
711999,5,673065,,1,10/01/2020,09/30/2021,02/17/2022,N,N,N,04011,4,02/16/2022,F,,,02/11/2022
712028,9,420067,,1,10/01/2020,09/30/2021,02/18/2022,N,N,O,11001,4,02/17/2022,F,,,02/16/2022
712046,2,060054,,1,01/01/2021,12/31/2021,02/21/2022,N,N,O,04011,4,02/17/2022,F,,,02/03/2022
712058,4,142006,,1,12/16/2020,08/31/2021,02/21/2022,N,N,N,05901,4,02/17/2022,F,,,01/26/2022
712117,2,490033,,1,10/01/2020,09/30/2021,02/21/2022,N,N,O,11301,4,02/18/2022,F,,,02/17/2022
712128,4,014015,,2,01/01/2021,12/31/2021,02/22/2022,N,N,O,10001,4,02/21/2022,N,02/21/2022,,02/14/2022
712140,8,070031,,1,10/01/2020,09/30/2021,02/22/2022,N,N,O,13001,4,02/18/2022,F,,,02/16/2022
712161,2,240044,,1,10/01/2020,09/30/2021,02/22/2022,N,N,O,06201,4,02/18/2022,F,,,02/16/2022
712164,2,241320,,1,10/01/2020,09/30/2021,02/22/2022,N,N,O,06201,4,02/17/2022,F,,,02/16/2022
712209,2,510055,,1,10/01/2020,09/30/2021,02/22/2022,N,N,O,11401,4,02/21/2022,F,,,02/18/2022
712272,2,421303,,1,10/01/2020,09/30/2021,02/23/2022,N,N,O,11001,4,02/22/2022,F,,,02/22/2022
712276,2,490089,,1,10/01/2020,09/30/2021,02/23/2022,N,N,O,11301,4,02/22/2022,F,,,02/22/2022
712285,4,673071,,1,10/01/2020,09/30/2021,02/23/2022,N,N,N,04011,4,02/22/2022,F,,,02/11/2022
712286,9,010007,,1,10/01/2020,09/30/2021,02/24/2022,N,N,O,10001,4,02/23/2022,F,,,02/23/2022
712298,4,050289,,1,01/27/2021,06/30/2021,02/24/2022,N,N,O,01011,4,02/22/2022,F,,,01/31/2022
712321,4,134002,,1,10/01/2020,09/30/2021,02/24/2022,N,N,O,12001,4,02/23/2022,F,,,02/10/2022
712391,4,363034,,1,10/01/2020,09/30/2021,02/24/2022,N,N,N,15201,4,02/21/2022,F,,,02/11/2022
712415,2,420072,,1,10/01/2020,09/30/2021,02/24/2022,N,N,O,11001,4,02/23/2022,F,,,02/23/2022
712437,2,490117,,1,10/01/2020,09/30/2021,02/24/2022,N,N,O,11301,4,02/23/2022,F,,,02/22/2022
712438,2,491303,,1,10/01/2020,09/30/2021,02/24/2022,N,N,O,11301,4,02/22/2022,F,,,02/22/2022
712447,10,010087,,1,10/01/2020,09/30/2021,02/25/2022,N,N,O,10001,4,02/24/2022,F,,,02/24/2022
712448,9,011300,,1,10/01/2020,09/30/2021,02/25/2022,N,N,O,10001,4,02/24/2022,F,,,02/24/2022
712450,10,013301,,1,10/01/2020,09/30/2021,02/25/2022,N,N,O,10001,4,02/24/2022,F,,,02/24/2022
712505,4,192023,,1,01/01/2021,08/31/2021,02/25/2022,N,N,N,05901,4,02/23/2022,F,,,01/28/2022
712531,2,281339,,1,10/01/2020,09/30/2021,02/25/2022,N,N,N,05001,4,02/23/2022,F,,,01/25/2022
712544,9,341307,,1,10/01/2020,09/30/2021,02/25/2022,N,N,O,11501,4,02/24/2022,F,,,02/24/2022
712597,2,490042,,1,10/01/2020,09/30/2021,02/25/2022,N,N,O,11301,4,02/24/2022,F,,,02/23/2022
712627,1,170075,,1,10/01/2020,09/30/2021,02/28/2022,N,N,O,05001,4,02/24/2022,F,,,01/31/2022
712687,9,010021,,1,10/01/2020,09/30/2021,03/01/2022,N,N,O,10001,4,02/28/2022,F,,,02/21/2022
712695,2,110005,,1,10/01/2020,09/30/2021,03/01/2022,N,N,O,10001,4,02/28/2022,F,,,02/25/2022
712696,2,110008,,1,10/01/2020,09/30/2021,03/01/2022,N,N,O,10001,4,02/28/2022,F,,,02/25/2022
712697,2,110087,,1,10/01/2020,09/30/2021,03/01/2022,N,N,O,10001,4,02/28/2022,F,,,02/25/2022
712698,9,110142,,1,10/01/2020,09/30/2021,03/01/2022,N,N,O,10001,4,02/28/2022,F,,,02/25/2022
712699,2,110161,,1,10/01/2020,09/30/2021,03/01/2022,N,N,O,10001,4,02/28/2022,F,,,02/25/2022
712737,9,340028,,1,10/01/2020,09/30/2021,03/01/2022,N,N,O,11501,4,02/25/2022,F,,,02/24/2022
712738,2,340070,,1,10/01/2020,09/30/2021,03/01/2022,N,N,O,11501,4,02/28/2022,F,,,02/25/2022
712739,9,340071,,1,10/01/2020,09/30/2021,03/01/2022,N,N,O,11501,4,02/25/2022,F,,,02/24/2022
712740,2,340091,,1,10/01/2020,09/30/2021,03/01/2022,N,N,O,11501,4,02/28/2022,F,,,02/25/2022
712741,9,340131,,1,10/01/2020,09/30/2021,03/01/2022,N,N,O,11501,4,02/28/2022,F,,,02/25/2022
712742,9,340188,,1,10/01/2020,09/30/2021,03/01/2022,N,N,O,11501,4,02/28/2022,F,,,02/25/2022
712743,9,341315,,1,10/01/2020,09/30/2021,03/01/2022,N,N,O,11501,4,02/25/2022,F,,,02/24/2022
712744,11,341327,,1,10/01/2020,09/30/2021,03/01/2022,N,N,O,11501,4,02/25/2022,F,,,02/24/2022
712745,9,342014,,1,10/01/2020,09/30/2021,03/01/2022,N,N,O,11501,4,02/25/2022,F,,,02/24/2022
712751,2,371301,,1,01/01/2021,09/30/2021,03/01/2022,N,N,O,04011,4,02/28/2022,F,,,02/24/2022
712759,9,420007,,1,10/01/2020,09/30/2021,03/01/2022,N,N,O,11001,4,02/28/2022,F,,,02/28/2022
712760,2,420020,,1,10/01/2020,09/30/2021,03/01/2022,N,N,O,11001,4,02/28/2022,F,,,02/28/2022
712762,2,420098,,1,10/01/2020,09/30/2021,03/01/2022,N,N,O,11001,4,02/28/2022,F,,,02/28/2022
712763,3,420103,,1,10/01/2020,09/30/2021,03/01/2022,N,N,O,11001,4,02/28/2022,F,,,02/28/2022
712764,9,421300,,1,10/01/2020,09/30/2021,03/01/2022,N,N,O,11001,4,02/28/2022,F,,,02/25/2022
712779,2,490024,,1,10/01/2020,09/30/2021,03/01/2022,N,N,O,11301,4,02/28/2022,F,,,02/25/2022
712780,2,491304,,1,10/01/2020,09/30/2021,03/01/2022,N,N,O,11301,4,02/28/2022,F,,,02/25/2022
712803,9,110105,,1,10/01/2020,09/30/2021,03/02/2022,N,N,O,10001,4,02/28/2022,F,,,02/25/2022
712806,9,131309,,1,10/01/2020,07/31/2021,03/02/2022,N,N,O,02001,4,02/28/2022,F,,,02/08/2022
712812,2,141302,,1,10/01/2020,09/30/2021,03/02/2022,N,N,O,06101,4,02/22/2022,F,,,02/22/2022
712820,2,214020,,2,12/04/2020,06/30/2021,03/02/2022,Y,N,N,12001,4,02/27/2022,F,03/01/2022,,11/30/2021
712826,8,241342,,1,10/01/2020,09/30/2021,03/02/2022,N,N,O,06201,4,02/22/2022,F,,,02/22/2022
712889,9,010062,,1,10/01/2020,09/30/2021,03/03/2022,N,N,O,10001,4,03/01/2022,F,,,02/28/2022
712891,2,050393,,1,10/01/2020,09/30/2021,03/03/2022,N,N,N,01011,4,03/01/2022,F,,,02/11/2022
712897,2,070007,,1,10/01/2020,09/30/2021,03/03/2022,N,N,O,13001,4,02/28/2022,F,,,02/28/2022
712898,2,070010,,1,10/01/2020,09/30/2021,03/03/2022,N,N,O,13001,4,02/25/2022,F,,,02/23/2022
712899,2,070018,,1,10/01/2020,09/30/2021,03/03/2022,N,N,O,13001,4,02/25/2022,F,,,02/24/2022
712900,2,070022,,1,10/01/2020,09/30/2021,03/03/2022,N,N,O,13001,4,02/25/2022,F,,,02/23/2022
712901,2,072003,,1,10/01/2020,09/30/2021,03/03/2022,N,N,O,13001,4,03/01/2022,F,,,02/25/2022
712902,2,074008,,1,10/01/2020,09/30/2021,03/03/2022,N,N,O,13001,4,03/02/2022,F,,,02/24/2022
712905,8,110122,,1,10/01/2020,09/30/2021,03/03/2022,N,N,O,10001,4,03/01/2022,F,,,02/28/2022
712906,8,110234,,1,10/01/2020,09/30/2021,03/03/2022,N,N,O,10001,4,03/01/2022,F,,,02/28/2022
712907,2,110252,,1,07/01/2021,09/30/2021,03/03/2022,N,N,O,10001,4,02/28/2022,F,,,02/25/2022
712908,9,111313,,1,10/01/2020,09/30/2021,03/03/2022,N,N,O,10001,4,03/01/2022,F,,,02/28/2022
712909,9,111318,,1,10/01/2020,09/30/2021,03/03/2022,N,N,O,10001,4,03/01/2022,F,,,02/28/2022
712910,8,111326,,1,10/01/2020,09/30/2021,03/03/2022,N,N,O,10001,4,03/01/2022,F,,,02/28/2022
712911,4,132001,,1,10/01/2020,09/30/2021,03/03/2022,N,N,O,05901,4,03/02/2022,F,,,02/03/2022
712932,2,220012,,1,10/01/2020,09/30/2021,03/03/2022,N,N,O,14011,4,03/01/2022,F,,,02/25/2022
712934,2,220035,,1,10/01/2020,09/30/2021,03/03/2022,N,N,O,14011,4,03/01/2022,F,,,02/25/2022
712936,2,220049,,1,10/01/2020,09/30/2021,03/03/2022,N,N,O,14011,4,02/28/2022,F,,,02/24/2022
712939,2,301309,,1,10/01/2020,09/30/2021,03/03/2022,N,N,O,14011,4,02/25/2022,F,,,02/22/2022
712960,2,410006,,1,10/01/2020,09/30/2021,03/03/2022,N,N,O,14011,4,02/28/2022,F,,,02/24/2022
712961,2,410008,,1,10/01/2020,09/30/2021,03/03/2022,N,N,O,14011,4,02/26/2022,F,,,02/24/2022
712962,2,410013,,1,10/01/2020,09/30/2021,03/03/2022,N,N,O,14011,4,03/01/2022,F,,,02/25/2022
712963,2,420009,,1,10/01/2020,09/30/2021,03/03/2022,N,N,O,11001,4,03/01/2022,F,,,02/28/2022
712964,2,420015,,1,10/01/2020,09/30/2021,03/03/2022,N,N,O,11001,4,03/01/2022,F,,,02/28/2022
712965,2,420018,,1,10/01/2020,09/30/2021,03/03/2022,N,N,O,11001,4,03/01/2022,F,,,02/28/2022
712966,11,450024,,1,10/01/2020,09/30/2021,03/03/2022,N,N,O,04011,4,03/02/2022,F,,,02/28/2022
712970,11,451358,,1,10/01/2020,09/30/2021,03/03/2022,N,N,O,04011,4,03/02/2022,F,,,02/28/2022
712972,5,452106,,1,10/01/2020,09/30/2021,03/03/2022,N,N,O,04011,4,03/02/2022,F,,,02/18/2022
712976,2,470001,,1,10/01/2020,09/30/2021,03/03/2022,N,N,O,14011,4,03/02/2022,F,,,02/25/2022
712977,2,470003,,1,10/01/2020,09/30/2021,03/03/2022,N,N,O,14011,4,03/02/2022,F,,,02/25/2022
712978,2,471302,,1,10/01/2020,09/30/2021,03/03/2022,N,N,O,14011,4,02/25/2022,F,,,02/22/2022
712984,2,521351,,1,10/01/2020,09/30/2021,03/03/2022,N,N,O,06001,4,03/01/2022,F,,,02/25/2022
712985,9,010019,,1,10/01/2020,09/30/2021,03/04/2022,N,N,O,10001,4,03/03/2022,F,,,02/25/2022
712986,9,010051,,1,10/01/2020,09/30/2021,03/04/2022,N,N,O,10001,4,03/03/2022,F,,,02/25/2022
712987,4,010059,,1,10/01/2020,09/30/2021,03/04/2022,N,N,O,10001,4,03/03/2022,F,,,02/25/2022
712989,13,011302,,1,10/01/2020,09/30/2021,03/04/2022,N,N,O,10001,4,03/03/2022,F,,,02/25/2022
712990,9,014014,,2,10/01/2020,09/30/2021,03/04/2022,N,N,O,10001,4,03/03/2022,N,03/03/2022,,02/25/2022
713001,4,083026,,1,10/01/2020,09/30/2021,03/04/2022,N,N,N,12001,4,03/03/2022,F,,,02/11/2022
713006,9,100087,,1,10/01/2020,09/30/2021,03/04/2022,N,N,O,09001,4,03/02/2022,F,,,02/22/2022
713007,9,100175,,1,10/01/2020,09/30/2021,03/04/2022,N,N,O,09001,4,03/02/2022,F,,,02/28/2022
713008,2,100177,,1,10/01/2020,09/30/2021,03/04/2022,N,N,O,09001,4,03/02/2022,F,,,02/23/2022
713012,6,100286,,1,10/01/2020,09/30/2021,03/04/2022,N,N,O,09001,4,03/01/2022,F,,,02/25/2022
713013,2,110038,,1,10/01/2020,09/30/2021,03/04/2022,N,N,O,10001,4,03/03/2022,F,,,02/25/2022
713016,2,111331,,1,10/01/2020,09/30/2021,03/04/2022,N,N,O,10001,4,03/03/2022,F,,,02/25/2022
713018,1,141337,,1,07/01/2021,09/30/2021,03/04/2022,N,N,O,06101,4,03/02/2022,F,,,02/25/2022
713041,2,220001,,1,10/01/2020,09/30/2021,03/04/2022,N,N,O,14011,4,03/02/2022,F,,,02/25/2022
713042,2,220010,,1,10/01/2020,09/30/2021,03/04/2022,N,N,O,14011,4,03/02/2022,F,,,02/25/2022
713043,2,220135,,1,10/01/2020,09/30/2021,03/04/2022,N,N,O,14011,4,03/02/2022,F,,,02/25/2022
713044,2,220162,,1,10/01/2020,09/30/2021,03/04/2022,N,N,O,14011,4,03/02/2022,F,,,02/25/2022
713045,2,222007,,1,10/01/2020,09/30/2021,03/04/2022,N,N,O,14011,4,02/25/2022,F,,,02/23/2022
713049,2,241344,,1,10/01/2020,09/30/2021,03/04/2022,N,N,O,06201,4,03/01/2022,F,,,02/24/2022
713056,2,340024,,1,10/01/2020,09/30/2021,03/04/2022,N,N,O,11501,4,03/02/2022,F,,,02/28/2022
713057,2,340039,,1,10/01/2020,09/30/2021,03/04/2022,N,N,O,11501,4,03/02/2022,F,,,02/28/2022
713058,2,340040,,1,10/01/2020,09/30/2021,03/04/2022,N,N,O,11501,4,03/02/2022,F,,,02/28/2022
713059,8,340068,,1,10/01/2020,09/30/2021,03/04/2022,N,N,O,11501,4,03/02/2022,F,,,02/28/2022
713060,2,340099,,1,10/01/2020,09/30/2021,03/04/2022,N,N,O,11501,4,03/02/2022,F,,,02/28/2022
713061,2,340107,,1,10/01/2020,09/30/2021,03/04/2022,N,N,O,11501,4,03/02/2022,F,,,02/28/2022
713062,2,340120,,1,10/01/2020,09/30/2021,03/04/2022,N,N,O,11501,4,03/02/2022,F,,,02/28/2022
713063,8,340142,,1,10/01/2020,09/30/2021,03/04/2022,N,N,O,11501,4,03/02/2022,F,,,02/28/2022
713066,2,340186,,1,10/01/2020,09/30/2021,03/04/2022,N,N,O,11501,4,03/02/2022,F,,,02/28/2022
713087,2,370166,,1,10/01/2020,09/30/2021,03/04/2022,N,N,O,04011,4,03/03/2022,F,,,02/14/2022
713088,5,373034,,1,10/01/2020,09/30/2021,03/04/2022,N,N,N,04011,4,03/03/2022,F,,,02/11/2022
713100,2,410007,,1,10/01/2020,09/30/2021,03/04/2022,N,N,O,14011,4,02/25/2022,F,,,02/23/2022
713101,2,410010,,1,10/01/2020,09/30/2021,03/04/2022,N,N,O,14011,4,03/02/2022,F,,,02/25/2022
713102,2,410012,,1,10/01/2020,09/30/2021,03/04/2022,N,N,O,14011,4,02/27/2022,F,,,02/23/2022
713104,2,414000,,1,10/01/2020,09/30/2021,03/04/2022,N,N,O,14011,4,03/02/2022,F,,,02/25/2022
713109,2,441305,,1,10/01/2020,09/30/2021,03/04/2022,N,N,O,10001,4,03/03/2022,F,,,02/24/2022
713120,4,460042,,1,10/01/2020,09/30/2021,03/04/2022,N,N,O,05901,4,03/02/2022,F,,,02/07/2022
713121,2,470005,,1,10/01/2020,09/30/2021,03/04/2022,N,N,O,14011,4,03/02/2022,F,,,02/25/2022
713122,2,471300,,1,10/01/2020,09/30/2021,03/04/2022,N,N,O,14011,4,02/24/2022,F,,,02/23/2022
713129,2,510012,,1,10/01/2020,09/30/2021,03/04/2022,N,N,O,11401,4,03/02/2022,F,,,02/28/2022
713130,4,673050,,1,10/01/2020,09/30/2021,03/04/2022,N,N,N,04011,4,03/03/2022,F,,,02/11/2022
713131,4,673066,,1,10/01/2020,09/30/2021,03/04/2022,N,N,N,04011,4,03/03/2022,F,,,02/11/2022
713142,2,070011,,1,10/01/2020,09/30/2021,03/07/2022,N,N,O,13001,4,03/03/2022,F,,,02/28/2022
713143,2,070021,,1,10/01/2020,09/30/2021,03/07/2022,N,N,O,13001,4,03/03/2022,F,,,02/28/2022
713144,2,070025,,1,10/01/2020,09/30/2021,03/07/2022,N,N,O,13001,4,03/03/2022,F,,,02/28/2022
713145,2,070039,,1,10/01/2020,09/30/2021,03/07/2022,N,N,O,13001,4,03/03/2022,F,,,02/28/2022
713153,2,110121,,1,10/01/2020,09/30/2021,03/07/2022,N,N,O,10001,4,03/03/2022,F,,,02/25/2022
713154,2,111332,,1,10/01/2020,09/30/2021,03/07/2022,N,N,O,10001,4,03/03/2022,F,,,02/25/2022
713159,6,152028,,1,11/01/2020,10/31/2021,03/07/2022,N,N,O,08001,4,03/03/2022,F,,,02/09/2022
713160,11,171356,,1,10/01/2020,09/30/2021,03/07/2022,N,N,O,05001,4,03/03/2022,F,,,02/09/2022
713161,2,190316,,1,10/01/2020,09/30/2021,03/07/2022,N,N,O,07001,4,03/04/2022,F,,,02/23/2022
713165,4,193028,,1,10/01/2020,09/30/2021,03/07/2022,N,N,O,07001,4,03/02/2022,F,,,02/22/2022
713168,2,220116,,1,10/01/2020,09/30/2021,03/07/2022,N,N,O,14011,4,03/03/2022,F,,,02/28/2022
713169,2,220163,,1,10/01/2020,09/30/2021,03/07/2022,N,N,O,14011,4,03/03/2022,F,,,02/28/2022
713170,9,250018,,1,10/01/2020,09/30/2021,03/07/2022,N,N,O,07001,4,03/04/2022,F,,,02/17/2022
713171,2,250020,,1,10/01/2020,09/30/2021,03/07/2022,N,N,O,07001,4,03/03/2022,F,,,02/28/2022
713172,9,250036,,1,10/01/2020,09/30/2021,03/07/2022,N,N,O,07001,4,03/01/2022,F,,,02/25/2022
713173,9,250085,,1,10/01/2020,09/30/2021,03/07/2022,N,N,O,07001,4,03/02/2022,F,,,02/24/2022
713174,2,250104,,1,10/01/2020,09/30/2021,03/07/2022,N,N,O,07001,4,03/04/2022,F,,,02/17/2022
713175,2,250162,,1,10/01/2020,09/30/2021,03/07/2022,N,N,O,07001,4,03/02/2022,F,,,02/23/2022
713176,9,251325,,1,10/01/2020,09/30/2021,03/07/2022,N,N,O,07001,4,03/04/2022,F,,,02/14/2022
713177,9,251326,,1,10/01/2020,09/30/2021,03/07/2022,N,N,O,07001,4,03/01/2022,F,,,02/25/2022
713178,9,251337,,1,10/01/2020,09/30/2021,03/07/2022,N,N,O,07001,4,03/02/2022,F,,,02/24/2022
713186,2,341303,,1,10/01/2020,09/30/2021,03/07/2022,N,N,O,11501,4,03/03/2022,F,,,02/28/2022
713194,9,421304,,1,10/01/2020,09/30/2021,03/07/2022,N,N,O,11001,4,03/04/2022,F,,,02/28/2022
713195,11,422004,,1,10/01/2020,09/30/2021,03/07/2022,N,N,O,11001,4,03/04/2022,F,,,02/28/2022
713196,2,422006,,1,10/01/2020,09/30/2021,03/07/2022,N,N,O,11001,4,03/04/2022,F,,,02/28/2022
713204,11,450399,,1,10/01/2020,09/30/2021,03/07/2022,N,N,O,04011,4,03/04/2022,F,,,02/23/2022
713206,11,450465,,1,10/01/2020,09/30/2021,03/07/2022,N,N,O,04011,4,03/04/2022,F,,,02/23/2022
713207,4,451306,,1,10/01/2020,09/30/2021,03/07/2022,N,N,O,04011,4,03/04/2022,F,,,02/23/2022
713208,11,451351,,1,10/01/2020,09/30/2021,03/07/2022,N,N,O,04011,4,03/04/2022,F,,,02/22/2022
713209,4,451355,,1,10/01/2020,09/30/2021,03/07/2022,N,N,O,04011,4,03/04/2022,F,,,02/18/2022
713212,2,491302,,1,10/01/2020,09/30/2021,03/07/2022,N,N,O,11301,4,03/04/2022,F,,,02/28/2022
713213,2,493036,,1,10/01/2020,09/30/2021,03/07/2022,N,N,O,11301,4,03/04/2022,F,,,02/28/2022
713217,2,520008,,1,10/01/2020,09/30/2021,03/07/2022,N,N,O,06001,4,03/03/2022,F,,,02/23/2022
713218,2,520062,,1,10/01/2020,09/30/2021,03/07/2022,N,N,O,06001,4,03/03/2022,F,,,02/23/2022
713220,9,010005,,1,10/01/2020,09/30/2021,03/08/2022,N,N,O,10001,4,03/04/2022,F,,,02/28/2022
713221,10,010033,,1,10/01/2020,09/30/2021,03/08/2022,N,N,O,10001,4,03/04/2022,F,,,03/01/2022
713224,7,031307,,1,10/01/2020,09/30/2021,03/08/2022,N,N,O,04011,4,03/07/2022,F,,,02/25/2022
713225,2,041323,,1,10/01/2020,09/30/2021,03/08/2022,N,N,O,07001,4,03/07/2022,F,,,02/24/2022
713226,6,042011,,1,10/01/2020,09/30/2021,03/08/2022,N,N,O,07001,4,03/07/2022,F,,,02/25/2022
713228,1,050169,,1,10/01/2020,09/30/2021,03/08/2022,N,N,O,01011,4,03/03/2022,F,,,02/11/2022
713236,4,053040,,1,10/01/2020,09/30/2021,03/08/2022,N,N,N,01011,4,03/02/2022,F,,,02/11/2022
713240,2,100019,,1,10/01/2020,09/30/2021,03/08/2022,N,N,O,09001,4,03/04/2022,F,,,02/23/2022
713241,2,100157,,1,10/01/2020,09/30/2021,03/08/2022,N,N,O,09001,4,03/04/2022,F,,,02/17/2022
713242,4,100246,,1,10/01/2020,09/30/2021,03/08/2022,N,N,O,09001,4,03/01/2022,F,,,02/25/2022
713243,4,100260,,1,10/01/2020,09/30/2021,03/08/2022,N,N,O,09001,4,03/07/2022,F,,,02/24/2022
713245,4,102024,,1,10/01/2020,09/30/2021,03/08/2022,N,N,O,09001,4,03/07/2022,F,,,02/25/2022
713247,2,131302,,1,10/01/2020,09/30/2021,03/08/2022,N,N,O,02001,4,03/02/2022,F,,,02/09/2022
713248,11,131315,,1,10/01/2020,09/30/2021,03/08/2022,N,N,O,02001,4,03/04/2022,F,,,02/11/2022
713249,5,133028,,1,10/01/2020,09/30/2021,03/08/2022,N,N,N,02001,4,03/02/2022,F,,,02/11/2022
713265,2,190044,,1,10/01/2020,09/30/2021,03/08/2022,N,N,O,07001,4,03/07/2022,F,,,02/24/2022
713267,4,194103,,1,10/01/2020,09/30/2021,03/08/2022,N,N,O,07001,4,03/07/2022,F,,,02/25/2022
713276,9,250078,,1,10/01/2020,09/30/2021,03/08/2022,N,N,O,07001,4,03/07/2022,F,,,02/24/2022
713278,9,251333,,1,10/01/2020,09/30/2021,03/08/2022,N,N,O,07001,4,03/07/2022,F,,,02/24/2022
713294,9,341304,,1,10/01/2020,09/30/2021,03/08/2022,N,N,O,11501,4,03/04/2022,F,,,02/28/2022
713295,2,341318,,1,10/01/2020,09/30/2021,03/08/2022,N,N,O,11501,4,03/04/2022,F,,,02/28/2022
713296,4,342017,,1,10/01/2020,09/30/2021,03/08/2022,N,N,O,11501,4,03/04/2022,F,,,02/28/2022
713303,2,371301,,1,10/01/2020,12/31/2020,03/08/2022,N,N,O,04011,4,03/07/2022,F,,,02/24/2022
713310,2,420033,,1,10/01/2020,09/30/2021,03/08/2022,N,N,O,11001,4,03/01/2022,F,,,02/28/2022
713311,2,420037,,1,10/01/2020,09/30/2021,03/08/2022,N,N,O,11001,4,03/01/2022,F,,,02/28/2022
713312,2,420038,,1,10/01/2020,09/30/2021,03/08/2022,N,N,O,11001,4,03/01/2022,F,,,02/28/2022
713313,2,420070,,1,10/01/2020,09/30/2021,03/08/2022,N,N,O,11001,4,03/01/2022,F,,,02/28/2022
713314,11,420073,,1,02/01/2021,09/30/2021,03/08/2022,N,N,O,11001,4,03/01/2022,F,,,02/28/2022
713315,2,420078,,1,10/01/2020,09/30/2021,03/08/2022,N,N,O,11001,4,03/01/2022,F,,,02/28/2022
713316,2,420086,,1,10/01/2020,09/30/2021,03/08/2022,N,N,O,11001,4,03/01/2022,F,,,02/28/2022
713317,2,420102,,1,10/01/2020,09/30/2021,03/08/2022,N,N,O,11001,4,03/01/2022,F,,,02/28/2022
713318,2,420106,,1,10/01/2020,09/30/2021,03/08/2022,N,N,O,11001,4,03/01/2022,F,,,02/28/2022
713319,9,421301,,1,10/01/2020,09/30/2021,03/08/2022,N,N,O,11001,4,03/07/2022,F,,,02/28/2022
713326,13,450108,,1,10/01/2020,09/30/2021,03/08/2022,N,N,O,04011,4,03/07/2022,F,,,02/25/2022
713328,1,450152,,1,10/01/2020,09/30/2021,03/08/2022,N,N,O,09001,4,03/04/2022,F,,,02/23/2022
713330,2,450571,,1,10/01/2020,09/30/2021,03/08/2022,N,N,O,04011,4,03/07/2022,F,,,02/25/2022
713331,11,450597,,1,10/01/2020,09/30/2021,03/08/2022,N,N,O,04011,4,03/07/2022,F,,,03/01/2022
713333,4,450711,,1,10/01/2020,09/30/2021,03/08/2022,N,N,O,04011,4,03/07/2022,F,,,02/24/2022
713336,11,451309,,1,10/01/2020,09/30/2021,03/08/2022,N,N,O,04011,4,03/04/2022,F,,,02/22/2022
713341,2,511306,,1,10/01/2020,09/30/2021,03/08/2022,N,N,O,11401,4,03/04/2022,F,,,02/28/2022
713345,4,010055,,1,10/01/2020,09/30/2021,03/09/2022,N,N,O,10001,4,03/07/2022,F,,,03/01/2022
713346,9,010058,,1,10/01/2020,09/30/2021,03/09/2022,N,N,O,10001,4,03/07/2022,F,,,03/01/2022
713347,9,010073,,1,10/01/2020,09/30/2021,03/09/2022,N,N,O,10001,4,03/07/2022,F,,,03/01/2022
713348,13,010095,,1,10/01/2020,09/30/2021,03/09/2022,N,N,O,10001,4,03/07/2022,F,,,03/01/2022
713349,9,010099,,1,10/01/2020,09/30/2021,03/09/2022,N,N,O,10001,4,03/07/2022,F,,,03/01/2022
713350,8,010112,,1,10/01/2020,09/30/2021,03/09/2022,N,N,O,10001,4,03/07/2022,F,,,03/01/2022
713351,10,010114,,1,10/01/2020,09/30/2021,03/09/2022,N,N,O,10001,4,03/07/2022,F,,,03/01/2022
713352,2,010169,,1,10/01/2020,09/30/2021,03/09/2022,N,N,O,10001,4,03/07/2022,F,,,03/01/2022
713353,7,031305,,1,10/01/2020,09/30/2021,03/09/2022,N,N,O,04011,4,03/08/2022,F,,,02/25/2022
713368,1,100062,,1,10/01/2020,09/30/2021,03/09/2022,N,N,O,09001,4,03/08/2022,F,,,02/25/2022
713373,4,104073,,1,11/01/2020,10/31/2021,03/09/2022,N,N,O,09001,4,03/08/2022,F,,,02/25/2022
713374,1,110001,,1,10/01/2020,09/30/2021,03/09/2022,N,N,O,10001,4,03/07/2022,F,,,03/01/2022
713375,2,110029,,1,10/01/2020,09/30/2021,03/09/2022,N,N,O,10001,4,03/07/2022,F,,,03/01/2022
713376,2,110045,,1,10/01/2020,09/30/2021,03/09/2022,N,N,O,10001,4,03/07/2022,F,,,03/01/2022
713377,9,110092,,1,10/01/2020,09/30/2021,03/09/2022,N,N,O,10001,4,03/07/2022,F,,,03/01/2022
713378,2,110095,,1,10/01/2020,09/30/2021,03/09/2022,N,N,O,10001,4,03/07/2022,F,,,03/01/2022
713379,2,110237,,1,10/01/2020,09/30/2021,03/09/2022,N,N,O,10001,4,03/07/2022,F,,,03/01/2022
713380,9,111303,,1,10/01/2020,09/30/2021,03/09/2022,N,N,O,10001,4,03/07/2022,F,,,03/01/2022
713381,2,131313,,1,10/01/2020,09/30/2021,03/09/2022,N,N,O,02001,4,03/07/2022,F,,,02/15/2022
713382,2,141339,,1,10/01/2020,09/30/2021,03/09/2022,N,N,O,06101,4,03/08/2022,F,,,02/23/2022
713397,2,301301,,1,10/01/2020,09/30/2021,03/09/2022,N,N,O,14011,4,03/02/2022,F,,,02/24/2022
713398,2,301302,,1,10/01/2020,09/30/2021,03/09/2022,N,N,O,14011,4,03/04/2022,F,,,02/22/2022
713399,2,301306,,1,05/01/2021,09/30/2021,03/09/2022,N,N,O,14011,4,03/04/2022,F,,,02/24/2022
713405,12,371323,,1,10/01/2020,09/30/2021,03/09/2022,N,N,O,04011,4,03/08/2022,F,,,02/28/2022
713406,9,371324,,1,10/01/2020,09/30/2021,03/09/2022,N,N,O,04011,4,03/08/2022,F,,,02/28/2022
713421,2,450148,,1,10/01/2020,09/30/2021,03/09/2022,N,N,O,04011,4,03/08/2022,F,,,02/28/2022
713423,6,450661,,1,10/01/2020,09/30/2021,03/09/2022,N,N,O,04011,4,03/08/2022,F,,,02/17/2022
713424,4,450775,,1,10/01/2020,09/30/2021,03/09/2022,N,N,O,04011,4,03/08/2022,F,,,02/25/2022
713425,13,451330,,1,10/01/2020,09/30/2021,03/09/2022,N,N,O,04011,4,03/08/2022,F,,,02/25/2022
713426,11,451343,,1,10/01/2020,09/30/2021,03/09/2022,N,N,O,04011,4,03/08/2022,F,,,02/17/2022
713427,4,451372,,1,10/01/2020,09/30/2021,03/09/2022,N,N,O,04011,4,03/08/2022,F,,,02/24/2022
713431,2,670128,,1,10/01/2020,09/30/2021,03/09/2022,N,N,O,04011,4,03/04/2022,F,,,02/24/2022
713433,13,010061,,1,10/01/2020,09/30/2021,03/10/2022,N,N,O,10001,4,03/09/2022,F,,,03/02/2022
713435,2,050100,,1,10/01/2020,09/30/2021,03/10/2022,N,N,O,01011,4,03/08/2022,F,,,02/22/2022
713447,2,054145,,1,10/01/2020,09/30/2021,03/10/2022,N,N,O,01011,4,03/08/2022,F,,,02/22/2022
713453,4,104082,,1,11/01/2020,10/31/2021,03/10/2022,N,N,O,12001,4,03/07/2022,F,,,02/25/2022
713466,2,181323,,1,10/01/2020,09/30/2021,03/10/2022,N,N,O,15101,4,03/03/2022,F,,,02/28/2022
713471,2,200009,,1,10/01/2020,09/30/2021,03/10/2022,N,N,O,14011,4,03/09/2022,F,,,02/28/2022
713482,2,300005,,1,05/01/2021,09/30/2021,03/10/2022,N,N,O,14011,4,03/04/2022,F,,,02/24/2022
713490,4,340002,,1,10/01/2020,09/30/2021,03/10/2022,N,N,O,11501,4,03/09/2022,F,,,03/01/2022
713492,9,340042,,1,10/01/2020,09/30/2021,03/10/2022,N,N,O,11501,4,03/09/2022,F,,,03/01/2022
713495,2,340151,,1,10/01/2020,09/30/2021,03/10/2022,N,N,O,11501,4,03/09/2022,F,,,03/01/2022
713505,2,410009,,1,10/01/2020,09/30/2021,03/10/2022,N,N,O,14011,4,03/07/2022,F,,,03/07/2022
713507,4,420048,,1,10/01/2020,07/31/2021,03/10/2022,N,N,N,11001,4,03/08/2022,F,,,03/01/2022
713508,9,420068,,1,10/01/2020,09/30/2021,03/10/2022,N,N,O,11001,4,03/08/2022,F,,,03/01/2022
713510,11,420108,,1,10/01/2020,09/30/2021,03/10/2022,N,N,O,11001,4,03/08/2022,F,,,03/01/2022
713511,4,440033,,1,10/01/2020,09/30/2021,03/10/2022,N,N,O,10001,4,03/09/2022,F,,,03/01/2022
713512,4,440056,,1,10/01/2020,09/30/2021,03/10/2022,N,N,O,10001,4,03/08/2022,F,,,03/01/2022
713513,4,440120,,1,10/01/2020,09/30/2021,03/10/2022,N,N,O,10001,4,03/08/2022,F,,,03/01/2022
713516,4,441301,,1,10/01/2020,09/30/2021,03/10/2022,N,N,O,10001,4,03/08/2022,F,,,03/01/2022
713520,2,450779,,1,10/01/2020,09/30/2021,03/10/2022,N,N,O,04011,4,03/09/2022,F,,,02/28/2022
713522,11,451344,,1,10/01/2020,09/30/2021,03/10/2022,N,N,O,04011,4,03/09/2022,F,,,02/28/2022
713523,5,452114,,1,10/01/2020,09/30/2021,03/10/2022,N,N,O,04011,4,03/09/2022,F,,,02/28/2022
713524,2,453304,,1,10/01/2020,09/30/2021,03/10/2022,N,N,O,04011,4,03/09/2022,F,,,02/28/2022
713529,4,490110,,1,10/01/2020,09/30/2021,03/10/2022,N,N,O,11301,4,03/08/2022,F,,,03/01/2022
713530,1,501992,,1,10/01/2020,09/30/2021,03/10/2022,N,N,O,10001,4,03/08/2022,F,,,02/28/2022
713541,7,021305,,1,10/01/2020,09/30/2021,03/11/2022,N,N,O,04011,4,03/10/2022,F,,,02/28/2022
713544,2,040050,,1,10/01/2020,09/30/2021,03/11/2022,N,N,O,07001,4,03/08/2022,F,,,02/25/2022
713545,2,041311,,1,10/01/2020,09/30/2021,03/11/2022,N,N,O,07001,4,03/08/2022,F,,,02/18/2022
713552,2,070020,,1,10/01/2020,09/30/2021,03/11/2022,N,N,O,13001,4,03/02/2022,F,,,02/28/2022
713553,2,070024,,1,10/01/2020,09/30/2021,03/11/2022,N,N,O,13001,4,03/08/2022,F,,,02/28/2022
713554,2,070040,,1,10/01/2020,09/30/2021,03/11/2022,N,N,O,13001,4,03/07/2022,F,,,03/01/2022
713557,2,140135,,1,10/01/2020,09/30/2021,03/11/2022,N,N,O,06101,4,03/09/2022,F,,,02/28/2022
713558,2,140167,,1,10/01/2020,09/30/2021,03/11/2022,N,N,O,06101,4,03/08/2022,F,,,02/28/2022
713559,2,140206,,1,10/01/2020,09/30/2021,03/11/2022,N,N,O,06101,4,03/07/2022,F,,,03/01/2022
713560,1,141318,,1,10/01/2020,09/30/2021,03/11/2022,N,N,O,06101,4,03/09/2022,F,,,02/28/2022
713561,2,141322,,1,10/01/2020,09/30/2021,03/11/2022,N,N,O,06101,4,03/09/2022,F,,,02/24/2022
713562,1,141325,,1,10/01/2020,09/30/2021,03/11/2022,N,N,O,06101,4,03/09/2022,F,,,02/28/2022
713570,11,191317,,1,10/01/2020,09/30/2021,03/11/2022,N,N,O,07001,4,03/09/2022,F,,,03/04/2022
713574,2,220100,,1,10/01/2020,09/30/2021,03/11/2022,N,N,O,14011,4,03/02/2022,F,,,02/28/2022
713575,4,222048,,1,10/01/2020,09/30/2021,03/11/2022,N,N,O,14011,4,03/08/2022,F,,,03/08/2022
713576,2,250002,,1,10/01/2020,09/30/2021,03/11/2022,N,N,O,07001,4,03/09/2022,F,,,02/28/2022
713577,2,250004,,1,10/01/2020,09/30/2021,03/11/2022,N,N,O,07001,4,03/08/2022,F,,,02/28/2022
713578,8,250009,,1,10/01/2020,09/30/2021,03/11/2022,N,N,O,07001,4,03/08/2022,F,,,02/28/2022
713579,9,250040,,1,10/01/2020,09/30/2021,03/11/2022,N,N,O,07001,4,03/09/2022,F,,,03/01/2022
713580,2,250081,,1,10/01/2020,09/30/2021,03/11/2022,N,N,O,05901,4,03/10/2022,F,,,02/11/2022
713581,2,260057,,1,10/01/2020,09/30/2021,03/11/2022,N,N,O,05001,4,03/10/2022,F,,,02/14/2022
713584,2,301300,,1,10/01/2020,09/30/2021,03/11/2022,Y,N,0,14011,4,03/09/2022,F,,,03/09/2022
713586,2,330250,,1,10/01/2020,09/30/2021,03/11/2022,N,N,O,13001,4,03/07/2022,F,,,03/01/2022
713606,9,451362,,1,10/01/2020,09/30/2021,03/11/2022,N,N,O,04011,4,03/10/2022,F,,,02/28/2022
713607,11,451363,,1,10/01/2020,09/30/2021,03/11/2022,N,N,O,04011,4,03/10/2022,F,,,02/28/2022
713608,11,451375,,1,10/01/2020,09/30/2021,03/11/2022,N,N,O,04011,4,03/10/2022,F,,,02/28/2022
713612,2,470011,,1,10/01/2020,09/30/2021,03/11/2022,N,N,O,14011,4,03/02/2022,F,,,02/28/2022
713613,2,471305,,1,10/01/2020,09/30/2021,03/11/2022,N,N,O,14011,4,03/08/2022,F,,,02/28/2022
713620,2,521356,,1,10/01/2020,09/30/2021,03/11/2022,N,N,O,06001,4,03/08/2022,F,,,02/28/2022
713621,2,524038,,1,10/01/2020,09/30/2021,03/11/2022,N,N,O,06001,4,03/04/2022,F,,,02/25/2022
713623,2,031311,,1,10/01/2020,09/30/2021,03/14/2022,N,N,O,03001,4,03/10/2022,F,,,02/24/2022
713624,2,040067,,1,10/01/2020,09/30/2021,03/14/2022,N,N,O,07001,4,03/11/2022,F,,,02/18/2022
713626,2,050026,,1,10/01/2020,09/30/2021,03/14/2022,N,N,O,01011,4,03/10/2022,F,,,02/23/2022
713627,2,050146,,1,10/01/2020,09/30/2021,03/14/2022,N,N,O,01011,4,03/10/2022,F,,,02/25/2022
713629,2,050272,,1,10/01/2020,09/30/2021,03/14/2022,N,N,O,01011,4,03/10/2022,F,,,02/24/2022
713631,2,070033,,1,10/01/2020,09/30/2021,03/14/2022,N,N,O,13001,4,03/03/2022,F,,,02/28/2022
713632,2,070034,,1,10/01/2020,09/30/2021,03/14/2022,N,N,O,13001,4,03/03/2022,F,,,02/28/2022
713640,9,131319,,1,10/01/2020,09/30/2021,03/14/2022,N,N,O,02001,4,03/10/2022,F,,,02/22/2022
713642,2,140058,,1,10/01/2020,09/30/2021,03/14/2022,N,N,O,06101,4,03/08/2022,F,,,02/28/2022
713645,1,140113,,1,10/01/2020,09/30/2021,03/14/2022,N,N,O,06101,4,03/07/2022,F,,,02/28/2022
713647,1,140179,,1,10/01/2020,09/30/2021,03/14/2022,N,N,O,06101,4,03/09/2022,F,,,02/28/2022
713649,1,141310,,1,10/01/2020,09/30/2021,03/14/2022,N,N,O,06101,4,03/10/2022,F,,,02/28/2022
713653,2,190004,,1,10/01/2020,09/30/2021,03/14/2022,N,N,O,07001,4,03/10/2022,F,,,02/28/2022
713655,2,220015,,1,10/01/2020,09/30/2021,03/14/2022,N,N,O,14011,4,03/10/2022,F,,,02/28/2022
713656,2,220119,,1,10/01/2020,09/30/2021,03/14/2022,N,N,O,14011,4,03/02/2022,F,,,02/25/2022
713657,10,241314,,1,10/01/2020,09/30/2021,03/14/2022,N,N,O,06201,4,03/08/2022,F,,,02/28/2022
713658,2,241356,,1,10/01/2020,09/30/2021,03/14/2022,N,N,O,06201,4,03/09/2022,F,,,02/28/2022
713663,2,300018,,1,10/01/2020,09/30/2021,03/14/2022,N,N,O,14011,4,03/10/2022,F,,,02/28/2022
713664,2,300023,,1,10/01/2020,09/30/2021,03/14/2022,N,N,O,14011,4,03/09/2022,F,,,02/28/2022
713665,2,300034,,1,10/01/2020,09/30/2021,03/14/2022,N,N,O,14011,4,03/02/2022,F,,,02/28/2022
713666,2,301308,,1,10/01/2020,09/30/2021,03/14/2022,N,N,O,14011,4,03/10/2022,F,,,02/28/2022
713709,2,490005,,5,10/01/2020,09/30/2021,03/14/2022,N,N,O,11301,4,03/11/2022,F,,,03/10/2022
713714,2,520071,,1,10/01/2020,09/30/2021,03/14/2022,N,N,O,06001,4,03/08/2022,F,,,02/28/2022
713728,2,041327,,1,10/01/2020,09/30/2021,03/15/2022,N,N,O,07001,4,03/14/2022,F,,,03/04/2022
713730,2,050222,,1,10/01/2020,09/30/2021,03/15/2022,N,N,O,01011,4,03/11/2022,F,,,02/25/2022
713758,2,130006,,1,10/01/2020,09/30/2021,03/15/2022,N,N,O,02001,4,03/11/2022,F,,,02/25/2022
713759,2,130071,,1,10/01/2020,09/30/2021,03/15/2022,N,N,O,02001,4,03/11/2022,F,,,02/25/2022
713760,1,140052,,1,10/01/2020,09/30/2021,03/15/2022,N,N,O,06101,4,03/03/2022,F,,,02/28/2022
713770,2,220031,,1,10/01/2020,09/30/2021,03/15/2022,N,N,O,14011,4,03/03/2022,F,,,03/02/2022
713775,2,241379,,1,10/01/2020,09/30/2021,03/15/2022,N,N,O,06201,4,03/03/2022,F,,,02/28/2022
713788,2,331302,,1,10/01/2020,09/30/2021,03/15/2022,N,N,O,13001,4,03/08/2022,F,,,03/08/2022
713870,11,451311,,1,10/01/2020,09/30/2021,03/15/2022,N,N,O,04011,4,03/11/2022,F,,,02/23/2022
713872,11,451340,,1,10/01/2020,09/30/2021,03/15/2022,N,N,O,04011,4,03/14/2022,F,,,02/23/2022
713883,2,520210,,1,10/01/2020,09/30/2021,03/15/2022,N,N,O,06001,4,03/09/2022,F,,,02/28/2022
713884,2,521343,,1,10/01/2020,09/30/2021,03/15/2022,N,N,O,06001,4,03/03/2022,F,,,02/28/2022
713885,2,521347,,1,10/01/2020,09/30/2021,03/15/2022,N,N,O,06001,4,03/03/2022,F,,,02/28/2022
713886,2,521359,,1,10/01/2020,09/30/2021,03/15/2022,N,N,O,06001,4,03/03/2022,F,,,02/28/2022
713897,2,070004,,1,10/01/2020,09/30/2021,03/16/2022,N,N,O,13001,4,03/04/2022,F,,,03/01/2022
713923,2,140148,,1,10/01/2020,09/30/2021,03/16/2022,N,N,O,06101,4,03/09/2022,F,,,03/01/2022
713938,2,220071,,1,10/01/2020,09/30/2021,03/16/2022,N,N,O,14011,4,03/03/2022,F,,,03/01/2022
713939,2,220075,,1,10/01/2020,09/30/2021,03/16/2022,N,N,O,14011,4,03/09/2022,F,,,03/01/2022
713949,2,241318,,1,10/01/2020,09/30/2021,03/16/2022,N,N,O,06201,4,03/14/2022,F,,,03/01/2022
713950,8,241341,,1,10/01/2020,09/30/2021,03/16/2022,N,N,O,06201,4,03/14/2022,F,,,03/01/2022
713952,2,301312,,1,10/01/2020,09/30/2021,03/16/2022,N,N,O,14011,4,03/04/2022,F,,,03/01/2022
713959,2,330084,,1,10/01/2020,09/30/2021,03/16/2022,N,N,O,13001,4,03/09/2022,F,,,03/01/2022
713979,2,340123,,1,10/01/2020,09/30/2021,03/16/2022,N,N,O,11501,4,03/15/2022,F,,,03/14/2022
713982,1,341322,,1,10/01/2020,09/30/2021,03/16/2022,N,N,O,11501,4,03/15/2022,F,,,03/14/2022
714022,2,471303,,1,10/01/2020,09/30/2021,03/16/2022,N,N,O,14011,4,03/04/2022,F,,,03/01/2022
714023,2,471304,,1,10/01/2020,09/30/2021,03/16/2022,N,N,O,14011,4,03/04/2022,F,,,03/01/2022
714041,2,520109,,1,10/01/2020,09/30/2021,03/16/2022,N,N,O,06001,4,03/10/2022,F,,,03/01/2022
714248,13,010078,,1,10/01/2020,09/30/2021,03/17/2022,N,N,O,10001,4,03/16/2022,F,,,03/09/2022
714253,2,031317,,1,10/01/2020,09/30/2021,03/17/2022,N,N,O,03001,4,03/15/2022,F,,,02/25/2022
714254,2,034023,,1,10/01/2020,09/30/2021,03/17/2022,N,N,O,03001,4,03/15/2022,F,,,02/25/2022
714258,2,050002,,1,10/01/2020,09/30/2021,03/17/2022,N,N,O,01011,4,03/15/2022,F,,,02/28/2022
714268,2,050471,,1,10/01/2020,09/30/2021,03/17/2022,N,N,O,01011,4,03/15/2022,F,,,02/25/2022
714273,2,062011,,1,10/01/2020,09/30/2021,03/17/2022,N,N,O,04011,4,03/16/2022,F,,,02/25/2022
714275,2,070017,,1,10/01/2020,09/30/2021,03/17/2022,N,N,O,13001,4,03/04/2022,F,,,02/25/2022
714277,2,070035,,1,10/01/2020,09/30/2021,03/17/2022,N,N,O,13001,4,03/03/2022,F,,,02/25/2022
714292,2,140010,,1,10/01/2020,09/30/2021,03/17/2022,N,N,O,06101,4,03/14/2022,F,,,03/01/2022
714317,2,180009,,1,10/01/2020,09/30/2021,03/17/2022,N,N,O,15101,4,03/15/2022,F,,,02/24/2022
714319,8,180027,,1,10/01/2020,09/30/2021,03/17/2022,N,N,O,15101,4,02/24/2022,F,,,02/23/2022
714320,2,180048,,1,10/01/2020,09/30/2021,03/17/2022,N,N,O,15101,4,03/14/2022,F,,,02/24/2022
714324,2,181302,,1,10/01/2020,09/30/2021,03/17/2022,N,N,O,15101,4,03/14/2022,F,,,02/24/2022
714325,2,181306,,1,10/01/2020,09/30/2021,03/17/2022,N,N,O,15101,4,03/15/2022,F,,,02/23/2022
714327,2,181315,,1,10/01/2020,09/30/2021,03/17/2022,N,N,O,15101,4,03/15/2022,F,,,02/24/2022
714329,2,190065,,1,10/01/2020,09/30/2021,03/17/2022,N,N,O,07001,4,03/16/2022,F,,,02/25/2022
714337,2,220063,,1,10/01/2020,09/30/2021,03/17/2022,N,N,O,14011,4,03/03/2022,F,,,02/25/2022
714350,9,251324,,1,10/01/2020,09/30/2021,03/17/2022,N,N,O,07001,4,03/15/2022,F,,,02/25/2022
714351,9,251329,,1,10/01/2020,09/30/2021,03/17/2022,N,N,O,07001,4,03/15/2022,F,,,02/24/2022
714369,2,300001,,1,10/01/2020,09/30/2021,03/17/2022,N,N,O,14011,4,03/04/2022,F,,,02/25/2022
714384,2,330023,,1,10/01/2020,09/30/2021,03/17/2022,N,N,O,13001,4,03/15/2022,F,,,03/01/2022
714394,2,330273,,1,10/01/2020,09/30/2021,03/17/2022,N,N,O,13001,4,03/15/2022,F,,,03/01/2022
714398,1,351327,,1,10/01/2020,09/30/2021,03/17/2022,N,N,O,03001,4,03/15/2022,F,,,02/25/2022
714399,4,354004,,1,10/01/2020,09/30/2021,03/17/2022,N,N,O,03001,4,03/15/2022,F,,,02/25/2022
714409,4,371318,,1,10/01/2020,09/30/2021,03/17/2022,N,N,O,04011,4,03/15/2022,F,,,02/25/2022
714410,2,380002,,1,10/01/2020,09/30/2021,03/17/2022,N,N,O,02001,4,03/15/2022,F,,,03/04/2022
714411,2,380005,,1,10/01/2020,09/30/2021,03/17/2022,N,N,O,02001,4,03/15/2022,F,,,03/04/2022
714412,2,380018,,1,10/01/2020,09/30/2021,03/17/2022,N,N,O,02001,4,03/15/2022,F,,,03/04/2022
714431,11,450039,,1,10/01/2020,09/30/2021,03/17/2022,N,N,O,04011,4,03/16/2022,F,,,02/25/2022
714432,2,450135,,1,10/01/2020,09/30/2021,03/17/2022,N,N,O,04011,4,03/15/2022,F,,,03/01/2022
714434,9,450498,,1,10/01/2020,09/30/2021,03/17/2022,N,N,O,04011,4,03/16/2022,F,,,02/25/2022
714437,2,471301,,1,10/01/2020,09/30/2021,03/17/2022,N,N,O,14011,4,03/04/2022,F,,,02/25/2022
714475,2,070028,,1,10/01/2020,09/30/2021,03/18/2022,N,N,O,13001,4,03/11/2022,F,,,02/28/2022
714482,2,100008,,1,10/01/2020,09/30/2021,03/18/2022,N,N,O,09001,4,03/09/2022,F,,,02/28/2022
714484,11,100017,,1,10/01/2020,09/30/2021,03/18/2022,N,N,O,09001,4,03/10/2022,F,,,02/28/2022
714489,2,100048,,1,10/01/2020,09/30/2021,03/18/2022,N,N,O,09001,4,03/10/2022,F,,,02/28/2022
714502,2,100266,,1,10/01/2020,09/30/2021,03/18/2022,N,N,O,09001,4,03/09/2022,F,,,02/28/2022
714508,2,100315,,1,10/01/2020,09/30/2021,03/18/2022,N,N,O,09001,4,03/14/2022,F,,,02/23/2022
714509,2,100316,,1,10/01/2020,09/30/2021,03/18/2022,N,N,O,09001,4,03/14/2022,F,,,02/23/2022
714511,9,131305,,1,10/01/2020,09/30/2021,03/18/2022,N,N,O,02001,4,03/16/2022,F,,,02/25/2022
714512,2,131310,,1,10/01/2020,09/30/2021,03/18/2022,N,N,O,02001,4,03/16/2022,F,,,02/25/2022
714519,1,140110,,1,10/01/2020,09/30/2021,03/18/2022,N,N,O,06101,4,03/15/2022,F,,,03/11/2022
714520,2,140114,,1,10/01/2020,09/30/2021,03/18/2022,N,N,O,06101,4,03/12/2022,F,,,03/03/2022
714556,2,220177,,1,10/01/2020,09/30/2021,03/18/2022,N,N,O,14011,4,03/11/2022,F,,,02/28/2022
714557,2,221300,,1,10/01/2020,09/30/2021,03/18/2022,N,N,O,14011,4,03/16/2022,F,,,03/01/2022
714558,2,224007,,1,10/01/2020,09/30/2021,03/18/2022,N,N,O,14011,4,03/11/2022,F,,,02/28/2022
714591,2,340097,,1,10/01/2020,09/30/2021,03/18/2022,N,N,O,11501,4,03/17/2022,F,,,03/17/2022
714645,2,431325,,1,10/01/2020,09/30/2021,03/18/2022,N,N,O,03001,4,03/16/2022,F,,,02/25/2022
714655,1,451323,,1,10/01/2020,09/30/2021,03/18/2022,N,N,O,09001,4,03/15/2022,F,,,02/24/2022
714684,2,050234,,1,10/01/2020,09/30/2021,03/21/2022,N,N,O,01011,4,03/17/2022,F,,,02/24/2022
714719,2,070029,,1,10/01/2020,09/30/2021,03/21/2022,N,N,O,13001,4,03/08/2022,F,,,03/08/2022
714729,2,123025,,1,10/01/2020,09/30/2021,03/21/2022,N,N,O,01011,4,03/17/2022,F,,,02/24/2022
714739,1,140213,,1,10/01/2020,09/30/2021,03/21/2022,N,N,O,06101,4,03/07/2022,F,,,03/01/2022
714742,2,171358,,1,10/01/2020,09/30/2021,03/21/2022,N,N,O,05001,4,03/17/2022,F,,,03/15/2022
714744,4,180124,,1,10/01/2020,09/30/2021,03/21/2022,N,N,O,05901,4,03/17/2022,F,,,02/18/2022
714758,2,220052,,1,10/01/2020,09/30/2021,03/21/2022,N,N,O,14011,4,03/04/2022,F,,,03/01/2022
714761,2,241336,,1,10/01/2020,09/30/2021,03/21/2022,N,N,O,06201,4,03/04/2022,F,,,03/01/2022
714778,2,330049,,1,10/01/2020,09/30/2021,03/21/2022,N,N,O,13001,4,03/09/2022,F,,,03/09/2022
714817,1,351316,,1,10/01/2020,09/30/2021,03/21/2022,N,N,O,03001,4,03/17/2022,F,,,02/23/2022
714847,5,440035,,1,10/01/2020,09/30/2021,03/21/2022,N,N,O,10001,4,03/08/2022,F,,,03/01/2022
714872,2,471306,,1,10/01/2020,09/30/2021,03/21/2022,N,N,O,14011,4,03/10/2022,F,,,02/28/2022
714875,4,670132,,2,10/01/2020,05/31/2021,03/21/2022,N,N,N,04011,4,03/10/2022,F,03/18/2022,,12/30/2021
714876,4,010040,,1,10/01/2020,09/30/2021,03/22/2022,N,N,O,10001,4,03/21/2022,F,,,03/18/2022
714987,2,200037,,1,10/01/2020,09/30/2021,03/22/2022,N,N,O,14011,4,03/18/2022,F,,,03/18/2022
715171,2,050624,,1,10/01/2020,09/30/2021,03/23/2022,N,N,O,01011,4,03/21/2022,F,,,02/28/2022
715177,2,070038,,1,10/01/2020,09/30/2021,03/23/2022,N,N,O,13001,4,03/21/2022,F,,,03/18/2022
715178,2,073300,,1,10/01/2020,09/30/2021,03/23/2022,N,N,O,13001,4,03/18/2022,F,,,03/01/2022
715179,9,100022,,1,10/01/2020,09/30/2021,03/23/2022,N,N,O,09001,4,03/21/2022,F,,,02/25/2022
715180,2,100030,,1,10/01/2020,09/30/2021,03/23/2022,N,N,O,09001,4,03/21/2022,F,,,02/28/2022
715182,11,100330,,1,10/01/2020,09/30/2021,03/23/2022,N,N,O,09001,4,03/21/2022,F,,,02/28/2022
715183,1,103027,,1,10/01/2020,09/30/2021,03/23/2022,N,N,O,09001,4,03/21/2022,F,,,02/28/2022
715188,2,130002,,1,10/01/2020,09/30/2021,03/23/2022,N,N,O,02001,4,03/21/2022,F,,,02/25/2022
715189,2,131311,,1,10/01/2020,09/30/2021,03/23/2022,N,N,O,02001,4,03/21/2022,F,,,02/25/2022
715190,2,131312,,1,10/01/2020,09/30/2021,03/23/2022,N,N,O,02001,4,03/21/2022,F,,,02/25/2022
715191,2,131323,,1,10/01/2020,09/30/2021,03/23/2022,N,N,O,02001,4,03/21/2022,F,,,02/25/2022
715192,2,140015,,1,10/01/2020,09/30/2021,03/23/2022,N,N,O,06101,4,03/17/2022,F,,,03/01/2022
715194,2,141315,,1,10/01/2020,09/30/2021,03/23/2022,N,N,O,06101,4,03/17/2022,F,,,03/01/2022
715203,2,200063,,1,10/01/2020,09/30/2021,03/23/2022,N,N,O,14011,4,03/17/2022,F,,,03/01/2022
715204,2,220070,,1,10/01/2020,09/30/2021,03/23/2022,N,N,O,14011,4,03/03/2022,F,,,02/25/2022
715205,2,222000,,1,10/01/2020,09/30/2021,03/23/2022,N,N,O,14011,4,03/04/2022,F,,,02/25/2022
715206,2,223032,,1,10/01/2020,09/30/2021,03/23/2022,N,N,O,14011,4,03/07/2022,F,,,02/25/2022
715207,2,223034,,1,10/01/2020,09/30/2021,03/23/2022,N,N,O,14011,4,03/04/2022,F,,,02/25/2022
715208,2,223302,,1,10/01/2020,09/30/2021,03/23/2022,N,N,O,14011,4,03/10/2022,F,,,02/28/2022
715213,2,240052,,1,10/01/2020,09/30/2021,03/23/2022,N,N,O,06201,4,03/15/2022,F,,,03/11/2022
715214,7,241358,,1,10/01/2020,09/30/2021,03/23/2022,N,N,O,04011,4,03/21/2022,F,,,03/15/2022
715218,2,340008,,1,10/01/2020,09/30/2021,03/23/2022,N,N,O,11501,4,03/22/2022,F,,,03/22/2022
715220,2,341324,,1,10/01/2020,09/30/2021,03/23/2022,N,N,O,11501,4,03/22/2022,F,,,03/21/2022
715222,2,380050,,1,10/01/2020,09/30/2021,03/23/2022,N,N,O,02001,4,03/21/2022,F,,,02/25/2022
715226,11,450015,,1,10/01/2020,09/30/2021,03/23/2022,N,N,O,04011,4,03/21/2022,F,,,02/28/2022
715227,8,450104,,1,10/01/2020,09/30/2021,03/23/2022,N,N,O,04011,4,03/21/2022,F,,,02/28/2022
715229,11,451350,,1,10/01/2020,09/30/2021,03/23/2022,N,N,O,04011,4,03/21/2022,F,,,02/28/2022
715230,11,451359,,1,10/01/2020,09/30/2021,03/23/2022,N,N,O,04011,4,03/21/2022,F,,,02/28/2022
715234,2,470024,,1,10/01/2020,09/30/2021,03/23/2022,N,N,O,14011,4,03/16/2022,F,,,03/15/2022
715235,2,471307,,1,10/01/2020,09/30/2021,03/23/2022,N,N,O,14011,4,03/08/2022,F,,,02/25/2022
715241,2,521331,,1,10/01/2020,09/30/2021,03/23/2022,N,N,O,06001,4,03/04/2022,F,,,02/25/2022
715242,2,521338,,1,10/01/2020,09/30/2021,03/23/2022,N,N,O,06001,4,03/08/2022,F,,,02/25/2022
715243,2,521348,,1,10/01/2020,09/30/2021,03/23/2022,N,N,O,06001,4,03/03/2022,F,,,02/25/2022
715244,9,014017,,2,10/01/2020,09/30/2021,03/24/2022,N,N,O,10001,4,03/14/2022,F,03/23/2022,,02/25/2022
715246,4,060034,,1,10/01/2020,09/30/2021,03/24/2022,N,N,O,04011,4,03/23/2022,F,,,02/28/2022
715251,5,110075,,1,10/01/2020,09/30/2021,03/24/2022,N,N,O,05901,4,03/22/2022,F,,,02/23/2022
715254,2,141317,,1,10/01/2020,09/30/2021,03/24/2022,N,N,O,06101,4,03/07/2022,F,,,02/25/2022
715255,2,150082,,1,10/01/2020,09/30/2021,03/24/2022,N,N,O,08001,4,03/22/2022,F,,,02/25/2022
715259,2,180017,,1,10/01/2020,09/30/2021,03/24/2022,N,N,O,15101,4,03/17/2022,F,,,02/24/2022
715262,2,180149,,1,10/01/2020,09/30/2021,03/24/2022,N,N,O,15101,4,03/17/2022,F,,,02/24/2022
715271,2,220008,,1,10/01/2020,09/30/2021,03/24/2022,N,N,O,14011,4,03/23/2022,F,,,03/21/2022
715273,2,220110,,1,10/01/2020,09/30/2021,03/24/2022,N,N,O,14011,4,03/07/2022,F,,,02/25/2022
715276,2,230167,,1,10/01/2020,09/30/2021,03/24/2022,N,N,O,08001,4,03/22/2022,F,,,02/24/2022
715277,2,230193,,1,10/01/2020,09/30/2021,03/24/2022,N,N,O,08001,4,03/22/2022,F,,,02/25/2022
715278,9,231307,,1,10/01/2020,09/30/2021,03/24/2022,N,N,O,08001,4,03/22/2022,F,,,02/23/2022
715279,2,232020,,1,10/01/2020,09/30/2021,03/24/2022,N,N,O,08001,4,03/22/2022,F,,,02/23/2022
715280,4,232039,,1,10/01/2020,09/30/2021,03/24/2022,N,N,O,08001,4,03/22/2022,F,,,02/22/2022
715281,10,234035,,1,10/01/2020,09/30/2021,03/24/2022,N,N,O,08001,4,03/23/2022,F,,,02/25/2022
715282,10,234041,,1,10/01/2020,09/30/2021,03/24/2022,N,N,O,08001,4,03/22/2022,F,,,02/25/2022
715287,9,340127,,1,10/01/2020,09/30/2021,03/24/2022,N,N,O,11501,4,03/24/2022,F,,,03/24/2022
715288,2,360121,,1,10/01/2020,09/30/2021,03/24/2022,N,N,O,15201,4,03/17/2022,F,,,02/24/2022
715289,2,360361,,1,10/01/2020,09/30/2021,03/24/2022,N,N,O,15201,4,03/17/2022,F,,,02/24/2022
715291,2,361327,,1,10/01/2020,09/30/2021,03/24/2022,N,N,O,15201,4,03/17/2022,F,,,02/25/2022
715293,2,362032,,1,10/01/2020,09/30/2021,03/24/2022,N,N,O,15201,4,03/17/2022,F,,,02/24/2022
715298,4,440068,,1,10/01/2020,09/30/2021,03/24/2022,N,N,O,10001,4,03/23/2022,F,,,03/22/2022
715299,4,440153,,1,10/01/2020,09/30/2021,03/24/2022,N,N,O,10001,4,03/23/2022,F,,,03/23/2022
715300,4,444023,,2,01/01/2021,12/31/2021,03/24/2022,N,N,O,10001,4,03/17/2022,F,03/23/2022,,03/14/2022
715302,4,450475,,1,10/01/2020,09/30/2021,03/24/2022,N,N,O,04011,4,03/23/2022,F,,,02/25/2022
715311,9,010001,,1,10/01/2020,09/30/2021,03/25/2022,N,N,O,10001,4,03/24/2022,F,,,03/24/2022
715312,8,010102,,1,10/01/2020,09/30/2021,03/25/2022,N,N,O,10001,4,03/24/2022,F,,,03/23/2022
715315,2,070006,,1,10/01/2020,09/30/2021,03/25/2022,N,N,O,13001,4,03/22/2022,F,,,03/21/2022
715316,2,100006,,1,10/01/2020,09/30/2021,03/25/2022,N,N,O,09001,4,03/24/2022,F,,,02/28/2022
715317,4,100047,,1,10/01/2020,09/30/2021,03/25/2022,N,N,O,05901,4,03/24/2022,F,,,03/01/2022
715318,2,100093,,1,10/01/2020,09/30/2021,03/25/2022,N,N,O,09001,4,03/23/2022,F,,,02/28/2022
715319,2,100134,,1,10/01/2020,09/30/2021,03/25/2022,N,N,O,09001,4,03/24/2022,F,,,03/01/2022
715320,2,100154,,1,10/01/2020,09/30/2021,03/25/2022,N,N,O,09001,4,03/24/2022,F,,,02/28/2022
715321,2,100296,,1,10/01/2020,09/30/2021,03/25/2022,N,N,O,09001,4,03/24/2022,F,,,02/28/2022
715323,11,101309,,1,10/01/2020,09/30/2021,03/25/2022,N,N,O,09001,4,03/24/2022,F,,,03/01/2022
715324,2,101312,,1,10/01/2020,09/30/2021,03/25/2022,N,N,O,05901,4,03/24/2022,F,,,02/28/2022
715326,1,103026,,1,10/01/2020,09/30/2021,03/25/2022,N,N,O,09001,4,03/24/2022,F,,,02/28/2022
715327,4,130014,,1,10/01/2020,09/30/2021,03/25/2022,N,N,O,05901,4,03/23/2022,F,,,02/23/2022
715328,1,140067,,1,10/01/2020,09/30/2021,03/25/2022,N,N,O,05901,4,03/24/2022,F,,,03/01/2022
715331,11,141313,,1,10/01/2020,09/30/2021,03/25/2022,N,N,O,05901,4,03/24/2022,F,,,02/28/2022
715338,2,151315,,1,10/01/2020,09/30/2021,03/25/2022,N,N,O,08001,4,03/23/2022,F,,,02/25/2022
715340,1,170122,,1,10/01/2020,09/30/2021,03/25/2022,N,N,O,05001,4,03/23/2022,F,,,02/24/2022
715341,11,171301,,1,10/01/2020,09/30/2021,03/25/2022,N,N,O,05001,4,03/24/2022,F,,,03/01/2022
715342,9,171339,,1,10/01/2020,09/30/2021,03/25/2022,N,N,O,05001,4,03/23/2022,F,,,02/23/2022
715343,1,173028,,1,10/01/2020,09/30/2021,03/25/2022,N,N,O,05001,4,03/23/2022,F,,,02/25/2022
715344,4,180024,,1,10/01/2020,09/30/2021,03/25/2022,N,N,O,15101,4,03/24/2022,F,,,03/01/2022
715345,2,180056,,1,10/01/2020,09/30/2021,03/25/2022,N,N,O,15101,4,03/24/2022,F,,,02/25/2022
715346,2,180079,,1,10/01/2020,09/30/2021,03/25/2022,N,N,O,15101,4,03/24/2022,F,,,03/01/2022
715347,2,220084,,1,10/01/2020,09/30/2021,03/25/2022,N,N,O,14011,4,03/22/2022,F,,,03/21/2022
715348,2,230207,,1,10/01/2020,09/30/2021,03/25/2022,N,N,O,08001,4,03/23/2022,F,,,02/25/2022
715349,1,230227,,1,10/01/2020,09/30/2021,03/25/2022,N,N,O,08001,4,03/23/2022,F,,,02/22/2022
715353,11,241376,,1,10/01/2020,09/30/2021,03/25/2022,N,N,O,06201,4,03/03/2022,F,,,02/28/2022
715354,2,250025,,1,10/01/2020,09/30/2021,03/25/2022,N,N,O,05901,4,03/23/2022,F,,,02/28/2022
715355,4,250072,,1,10/01/2020,09/30/2021,03/25/2022,N,N,O,05901,4,03/23/2022,F,,,02/22/2022
715357,4,264034,,2,06/04/2021,08/31/2021,03/25/2022,Y,N,N,12001,4,03/23/2022,F,03/25/2022,,01/24/2022
715360,2,301303,,1,10/01/2020,09/30/2021,03/25/2022,N,N,O,14011,4,03/07/2022,F,,,02/28/2022
715361,2,301310,,1,10/01/2020,09/30/2021,03/25/2022,N,N,O,14011,4,03/07/2022,F,,,02/28/2022
715368,2,341320,,1,10/01/2020,09/30/2021,03/25/2022,N,N,O,11501,4,03/24/2022,F,,,03/24/2022
715370,2,360090,,1,01/01/2021,09/30/2021,03/25/2022,N,N,O,15201,4,03/24/2022,F,,,02/28/2022
715372,2,361319,,1,10/01/2020,09/30/2021,03/25/2022,N,N,O,15201,4,03/24/2022,F,,,02/28/2022
715375,4,420010,,1,10/01/2020,09/30/2021,03/25/2022,N,N,O,05901,4,03/24/2022,F,,,02/28/2022
715376,2,422008,,2,10/01/2020,09/30/2021,03/25/2022,N,N,O,11001,4,03/23/2022,F,03/24/2022,,02/28/2022
715389,2,514011,,2,10/01/2020,09/30/2021,03/25/2022,N,N,O,11401,4,03/17/2022,F,03/24/2022,,02/25/2022
715390,2,520049,,1,10/01/2020,09/30/2021,03/25/2022,N,N,O,06001,4,03/04/2022,F,,,02/28/2022
715391,2,521352,,5,10/01/2020,09/30/2021,03/25/2022,N,N,O,06001,4,03/23/2022,F,,,03/08/2022
715393,4,010083,,1,10/01/2020,09/30/2021,03/28/2022,N,N,O,05901,4,03/24/2022,F,,,02/28/2022
715394,7,021314,,1,10/01/2020,09/30/2021,03/28/2022,N,N,O,04011,4,03/24/2022,F,,,02/28/2022
715395,2,030013,,1,10/01/2020,09/30/2021,03/28/2022,N,N,O,03001,4,03/23/2022,F,,,02/28/2022
715396,4,030085,,1,10/01/2020,09/30/2021,03/28/2022,N,N,O,05901,4,03/24/2022,F,,,03/01/2022
715397,7,031308,,1,10/01/2020,09/30/2021,03/28/2022,N,N,O,04011,4,03/25/2022,F,,,03/01/2022
715399,2,050077,,1,10/01/2020,09/30/2021,03/28/2022,N,N,O,01011,4,03/23/2022,F,,,03/01/2022
715401,2,050324,,1,10/01/2020,09/30/2021,03/28/2022,N,N,O,01011,4,03/23/2022,F,,,03/01/2022
715402,2,050424,,1,10/01/2020,09/30/2021,03/28/2022,N,N,O,01011,4,03/24/2022,F,,,03/01/2022
715404,2,050503,,1,10/01/2020,09/30/2021,03/28/2022,N,N,O,01011,4,03/24/2022,F,,,03/01/2022
715405,2,050660,,1,01/01/2021,09/30/2021,03/28/2022,N,N,O,01011,4,03/24/2022,F,,,03/01/2022
715406,2,053300,,1,10/01/2020,09/30/2021,03/28/2022,N,N,O,01011,4,03/23/2022,F,,,02/28/2022
715409,2,070003,,5,10/01/2020,09/30/2021,03/28/2022,N,N,O,13001,4,03/23/2022,F,,,03/21/2022
715412,2,100002,,1,10/01/2020,09/30/2021,03/28/2022,N,N,O,09001,4,03/25/2022,F,,,02/28/2022
715413,4,100150,,1,10/01/2020,09/30/2021,03/28/2022,N,N,O,05901,4,03/24/2022,F,,,03/01/2022
715414,2,100211,,1,10/01/2020,09/30/2021,03/28/2022,N,N,O,05901,4,03/24/2022,F,,,02/25/2022
715415,4,100249,,1,10/01/2020,09/30/2021,03/28/2022,N,N,O,05901,4,03/24/2022,F,,,03/01/2022
715416,9,130025,,1,10/01/2020,09/30/2021,03/28/2022,N,N,O,02001,4,03/22/2022,F,,,02/28/2022
715417,11,131308,,1,10/01/2020,09/30/2021,03/28/2022,N,N,O,02001,4,03/22/2022,F,,,02/28/2022
715421,4,150075,,1,10/01/2020,09/30/2021,03/28/2022,N,N,O,08001,4,03/24/2022,F,,,03/01/2022
715422,2,151305,,1,10/01/2020,09/30/2021,03/28/2022,N,N,O,08001,4,03/24/2022,F,,,02/28/2022
715423,2,151319,,1,10/01/2020,09/30/2021,03/28/2022,N,N,O,08001,4,03/24/2022,F,,,02/28/2022
715425,4,153030,,1,10/01/2020,09/30/2021,03/28/2022,N,N,O,08001,4,03/24/2022,F,,,03/01/2022
715427,2,161324,,1,10/01/2020,09/30/2021,03/28/2022,N,N,O,05001,4,03/25/2022,F,,,02/25/2022
715428,1,171337,,1,10/01/2020,09/30/2021,03/28/2022,N,N,O,05001,4,03/24/2022,F,,,02/28/2022
715429,2,171349,,1,10/01/2020,09/30/2021,03/28/2022,N,N,O,05001,4,03/24/2022,F,,,02/28/2022
715430,9,171361,,1,10/01/2020,09/30/2021,03/28/2022,N,N,O,05001,4,03/25/2022,F,,,02/23/2022
715433,2,190111,,1,10/01/2020,09/30/2021,03/28/2022,N,N,O,07001,4,03/25/2022,F,,,03/01/2022
715434,11,190151,,1,10/01/2020,09/30/2021,03/28/2022,N,N,O,07001,4,03/24/2022,F,,,02/28/2022
715435,11,191309,,1,10/01/2020,09/30/2021,03/28/2022,N,N,O,07001,4,03/25/2022,F,,,03/01/2022
715436,11,191318,,1,10/01/2020,09/30/2021,03/28/2022,N,N,O,07001,4,03/25/2022,F,,,02/25/2022
715438,2,220090,,1,10/01/2020,09/30/2021,03/28/2022,N,N,O,05901,4,03/25/2022,F,,,02/24/2022
715440,2,221302,,1,10/01/2020,09/30/2021,03/28/2022,N,N,O,05901,4,03/24/2022,F,,,03/01/2022
715441,6,222047,,1,10/01/2020,09/30/2021,03/28/2022,N,N,O,14011,4,03/25/2022,F,,,03/25/2022
715442,2,230041,,1,10/01/2020,09/30/2021,03/28/2022,N,N,O,08001,4,03/24/2022,F,,,02/23/2022
715443,2,230105,,1,10/01/2020,09/30/2021,03/28/2022,N,N,O,08001,4,03/24/2022,F,,,02/23/2022
715444,2,230216,,1,10/01/2020,09/30/2021,03/28/2022,N,N,O,08001,4,03/24/2022,F,,,03/18/2022
715446,2,231329,,1,10/01/2020,09/30/2021,03/28/2022,N,N,O,08001,4,03/25/2022,F,,,02/22/2022
715447,10,234025,,1,10/01/2020,09/30/2021,03/28/2022,N,N,O,08001,4,03/25/2022,F,,,02/24/2022
715448,10,234026,,1,10/01/2020,09/30/2021,03/28/2022,N,N,O,08001,4,03/24/2022,F,,,02/25/2022
715450,9,250058,,1,10/01/2020,09/30/2021,03/28/2022,N,N,O,07001,4,03/24/2022,F,,,02/28/2022
715451,4,250084,,1,10/01/2020,09/30/2021,03/28/2022,N,N,O,07001,4,03/24/2022,F,,,03/01/2022
715452,9,250095,,1,10/01/2020,09/30/2021,03/28/2022,N,N,O,07001,4,03/24/2022,F,,,02/28/2022
715454,4,250138,,1,10/01/2020,09/30/2021,03/28/2022,N,N,O,05901,4,03/25/2022,F,,,02/23/2022
715455,2,260025,,1,10/01/2020,09/30/2021,03/28/2022,N,N,O,05001,4,03/25/2022,F,,,02/28/2022
715456,2,260040,,1,10/01/2020,09/30/2021,03/28/2022,N,N,O,05901,4,03/24/2022,F,,,03/02/2022
715459,7,271315,,1,10/01/2020,09/30/2021,03/28/2022,N,N,O,04011,4,03/24/2022,F,,,03/01/2022
715461,2,281336,,1,10/01/2020,09/30/2021,03/28/2022,N,N,O,05001,4,03/24/2022,F,,,02/23/2022
715462,2,281364,,1,10/01/2020,09/30/2021,03/28/2022,N,N,O,05901,4,03/24/2022,F,,,02/25/2022
715463,2,281365,,1,10/01/2020,09/30/2021,03/28/2022,N,N,O,05001,4,03/24/2022,F,,,03/02/2022
715471,4,370014,,1,10/01/2020,09/30/2021,03/28/2022,N,N,O,05901,4,03/24/2022,F,,,03/01/2022
715472,8,371309,,1,10/01/2020,09/30/2021,03/28/2022,N,N,O,04011,4,03/24/2022,F,,,03/01/2022
715477,4,390192,,1,07/01/2021,09/30/2021,03/28/2022,N,N,O,12001,4,03/25/2022,F,,,02/28/2022
715482,11,450080,,1,10/01/2020,09/30/2021,03/28/2022,N,N,O,04011,4,03/25/2022,F,,,03/01/2022
715483,2,450085,,1,10/01/2020,09/30/2021,03/28/2022,N,N,O,04011,4,03/25/2022,F,,,02/28/2022
715484,4,450147,,1,10/01/2020,09/30/2021,03/28/2022,N,N,O,05901,4,03/24/2022,F,,,03/01/2022
715485,2,450351,,1,10/01/2020,09/30/2021,03/28/2022,N,N,O,04011,4,03/24/2022,F,,,03/01/2022
715486,2,450419,,1,10/01/2020,09/30/2021,03/28/2022,N,N,O,04011,4,03/25/2022,F,,,03/01/2022
715487,11,450451,,1,10/01/2020,09/30/2021,03/28/2022,N,N,O,04011,4,03/24/2022,F,,,02/28/2022
715489,2,450639,,1,10/01/2020,09/30/2021,03/28/2022,N,N,O,04011,4,03/25/2022,F,,,03/01/2022
715490,11,450654,,1,10/01/2020,09/30/2021,03/28/2022,N,N,O,04011,4,03/25/2022,F,,,03/02/2022
715491,11,451314,,1,10/01/2020,09/30/2021,03/28/2022,N,N,O,04011,4,03/24/2022,F,,,03/01/2022
715492,11,451329,,1,10/01/2020,09/30/2021,03/28/2022,N,N,O,04011,4,03/25/2022,F,,,02/25/2022
715493,4,451347,,1,10/01/2020,09/30/2021,03/28/2022,N,N,O,04011,4,03/24/2022,F,,,02/28/2022
715494,11,451392,,1,10/01/2020,09/30/2021,03/28/2022,N,N,O,04011,4,03/24/2022,F,,,02/28/2022
715495,2,461310,,1,10/01/2020,09/30/2021,03/28/2022,N,N,O,03001,4,03/23/2022,F,,,02/28/2022
715496,2,490002,,1,10/01/2020,09/30/2021,03/28/2022,N,N,O,05901,4,03/24/2022,F,,,02/24/2022
715499,2,503300,,1,10/01/2020,09/30/2021,03/28/2022,N,N,O,02001,4,03/22/2022,F,,,02/28/2022
715505,10,010018,,1,10/01/2020,09/30/2021,03/29/2022,N,N,O,10001,4,03/28/2022,F,,,03/23/2022
715506,13,010038,,1,10/01/2020,09/30/2021,03/29/2022,N,N,O,05901,4,03/25/2022,F,,,03/01/2022
715509,12,010150,,1,10/01/2020,09/30/2021,03/29/2022,N,N,O,05901,4,03/28/2022,F,,,03/01/2022
715512,4,030114,,1,10/01/2020,09/30/2021,03/29/2022,N,N,O,05901,4,03/25/2022,F,,,02/24/2022
715514,2,044021,,2,01/01/2021,12/31/2021,03/29/2022,N,N,O,07001,4,03/23/2022,N,03/30/2022,,02/14/2022
715520,4,100126,,1,10/01/2020,09/30/2021,03/29/2022,N,N,O,05901,4,03/28/2022,F,,,03/01/2022
715524,5,144042,,1,10/01/2020,09/30/2021,03/29/2022,N,N,O,05901,4,03/28/2022,F,,,03/01/2022
715530,11,191310,,1,10/01/2020,09/30/2021,03/29/2022,N,N,O,05901,4,03/25/2022,F,,,03/01/2022
715534,2,220046,,1,10/01/2020,09/30/2021,03/29/2022,N,N,O,05901,4,03/28/2022,F,,,03/01/2022
715536,4,220062,,1,10/01/2020,09/30/2021,03/29/2022,N,N,O,05901,4,03/25/2022,F,,,03/23/2022
715538,2,230141,,1,10/01/2020,09/30/2021,03/29/2022,N,N,O,08001,4,03/25/2022,F,,,02/24/2022
715539,2,231316,,1,10/01/2020,09/30/2021,03/29/2022,N,N,O,08001,4,03/25/2022,F,,,03/02/2022
715540,1,231337,,1,10/01/2020,09/30/2021,03/29/2022,N,N,O,05901,4,03/25/2022,F,,,02/28/2022
715543,2,260113,,1,10/01/2020,09/30/2021,03/29/2022,N,N,O,05901,4,03/28/2022,F,,,02/28/2022
715545,4,261320,,1,10/01/2020,09/30/2021,03/29/2022,N,N,O,05901,4,03/25/2022,F,,,02/28/2022
715546,12,261322,,1,10/01/2020,09/30/2021,03/29/2022,N,N,O,05901,4,03/25/2022,F,,,02/28/2022
715547,9,281334,,1,10/01/2020,09/30/2021,03/29/2022,N,N,O,05001,4,03/25/2022,F,,,03/02/2022
715549,4,340144,,1,10/01/2020,09/30/2021,03/29/2022,N,N,O,05901,4,03/25/2022,F,,,03/01/2022
715588,2,510029,,1,10/01/2020,09/30/2021,03/29/2022,N,N,O,11401,4,03/08/2022,F,,,03/01/2022
715589,1,510031,,1,10/01/2020,09/30/2021,03/29/2022,N,N,O,11401,4,03/08/2022,F,,,03/01/2022
715591,4,510048,,1,10/01/2020,09/30/2021,03/29/2022,N,N,O,11401,4,03/24/2022,F,,,03/24/2022
715592,12,511304,,1,10/01/2020,09/30/2021,03/29/2022,N,N,O,11401,4,03/28/2022,F,,,03/23/2022
715595,2,021308,,1,10/01/2020,09/30/2021,03/30/2022,N,N,O,02001,4,03/28/2022,F,,,03/01/2022
715596,4,030010,,1,10/01/2020,09/30/2021,03/30/2022,N,N,O,03001,4,03/28/2022,F,,,03/01/2022
715598,4,030083,,1,10/01/2020,09/30/2021,03/30/2022,N,N,O,05901,4,03/29/2022,F,,,03/01/2022
715614,2,223300,,1,10/01/2020,09/30/2021,03/30/2022,N,N,O,14011,4,03/25/2022,F,,,03/01/2022
715615,2,231340,,1,01/30/2021,09/30/2021,03/30/2022,N,N,O,08001,4,03/29/2022,F,,,03/25/2022
715616,4,250007,,1,10/01/2020,09/30/2021,03/30/2022,N,N,O,05901,4,03/29/2022,F,,,03/01/2022
715619,9,261306,,1,11/01/2020,10/31/2021,03/30/2022,N,N,O,05001,4,03/29/2022,F,,,03/09/2022
715620,2,261325,,1,10/01/2020,09/30/2021,03/30/2022,N,N,O,05901,4,03/29/2022,F,,,03/03/2022
715621,2,261329,,1,10/01/2020,09/30/2021,03/30/2022,N,N,O,05001,4,03/29/2022,F,,,03/02/2022
715625,7,271339,,1,10/01/2020,09/30/2021,03/30/2022,N,N,O,04011,4,03/28/2022,F,,,02/28/2022
715628,4,320018,,1,10/01/2020,09/30/2021,03/30/2022,N,N,O,04011,4,03/28/2022,F,,,02/28/2022
715635,4,340116,,1,10/01/2020,09/30/2021,03/30/2022,N,N,O,04011,4,03/29/2022,F,,,03/01/2022
715637,6,362023,,1,11/01/2020,10/31/2021,03/30/2022,N,N,O,05901,4,03/29/2022,F,,,03/04/2022
715642,4,450029,,1,10/01/2020,09/30/2021,03/30/2022,N,N,O,05901,4,03/29/2022,F,,,03/01/2022
715646,9,450144,,1,10/01/2020,09/30/2021,03/30/2022,N,N,O,04011,4,03/29/2022,F,,,02/28/2022
715647,11,450155,,1,10/01/2020,09/30/2021,03/30/2022,N,N,O,04011,4,03/29/2022,F,,,02/28/2022
715649,11,450352,,1,10/01/2020,09/30/2021,03/30/2022,N,N,O,04011,4,03/29/2022,F,,,03/01/2022
715650,11,450369,,1,10/01/2020,09/30/2021,03/30/2022,N,N,O,04011,4,03/29/2022,F,,,02/28/2022
715654,11,451300,,1,10/01/2020,09/30/2021,03/30/2022,N,N,O,04011,4,03/29/2022,F,,,03/01/2022
715655,11,451301,,1,10/01/2020,09/30/2021,03/30/2022,N,N,O,04011,4,03/28/2022,F,,,02/28/2022
715656,11,451303,,1,10/01/2020,09/30/2021,03/30/2022,N,N,O,04011,4,03/28/2022,F,,,02/28/2022
715657,11,451310,,1,10/01/2020,09/30/2021,03/30/2022,N,N,O,04011,4,03/28/2022,F,,,02/28/2022
715658,8,451353,,1,10/01/2020,09/30/2021,03/30/2022,N,N,O,04011,4,03/29/2022,F,,,02/28/2022
715659,4,451378,,1,10/01/2020,09/30/2021,03/30/2022,N,N,O,05901,4,03/29/2022,F,,,03/01/2022
715660,2,451390,,1,10/01/2020,09/30/2021,03/30/2022,N,N,O,04011,4,03/28/2022,F,,,02/28/2022
715663,4,454149,,1,01/01/2021,12/31/2021,03/30/2022,N,N,O,04011,4,03/28/2022,F,,,03/18/2022
715682,13,650001,,1,10/01/2020,09/30/2021,03/30/2022,N,N,O,01011,4,03/22/2022,F,,,02/28/2022
715683,2,010044,,1,10/01/2020,09/30/2021,03/31/2022,N,N,O,07001,4,03/29/2022,F,,,02/28/2022
715684,9,010120,,1,10/01/2020,09/30/2021,03/31/2022,N,N,O,05901,4,03/29/2022,F,,,03/01/2022
715685,1,040020,,1,10/01/2020,09/30/2021,03/31/2022,N,N,O,07001,4,03/28/2022,F,,,02/28/2022
715686,2,040119,,1,10/01/2020,09/30/2021,03/31/2022,N,N,O,07001,4,03/29/2022,F,,,03/01/2022
715687,2,041310,,1,10/01/2020,09/30/2021,03/31/2022,N,N,O,07001,4,03/28/2022,F,,,03/01/2022
715691,2,100018,,1,10/01/2020,09/30/2021,03/31/2022,N,N,O,09001,4,03/29/2022,F,,,03/01/2022
715692,2,100028,,1,10/01/2020,09/30/2021,03/31/2022,N,N,O,09001,4,03/28/2022,F,,,02/28/2022
715693,2,100051,,1,10/01/2020,09/30/2021,03/31/2022,N,N,O,09001,4,03/28/2022,F,,,02/28/2022
715694,4,100071,,1,10/01/2020,09/30/2021,03/31/2022,N,N,O,05901,4,03/29/2022,F,,,03/01/2022
715696,2,100125,,1,10/01/2020,09/30/2021,03/31/2022,N,N,O,09001,4,03/29/2022,F,,,02/28/2022
715697,2,100168,,1,10/01/2020,09/30/2021,03/31/2022,N,N,O,09001,4,03/29/2022,F,,,02/28/2022
715698,2,100253,,1,10/01/2020,09/30/2021,03/31/2022,N,N,O,09001,4,03/29/2022,F,,,02/28/2022
715699,2,100302,,1,01/01/2021,09/30/2021,03/31/2022,N,N,O,09001,4,03/28/2022,F,,,02/28/2022
715700,2,100314,,1,10/01/2020,09/30/2021,03/31/2022,N,N,O,09001,4,03/29/2022,F,,,02/28/2022
715701,9,101305,,1,10/01/2020,09/30/2021,03/31/2022,N,N,O,09001,4,03/29/2022,F,,,02/28/2022
715702,11,101311,,1,10/01/2020,09/30/2021,03/31/2022,N,N,O,09001,4,03/29/2022,F,,,03/01/2022
715703,2,101313,,1,10/01/2020,09/30/2021,03/31/2022,N,N,O,09001,4,03/28/2022,F,,,03/01/2022
715707,1,180043,,1,10/01/2020,09/30/2021,03/31/2022,N,N,O,09001,4,03/29/2022,F,,,02/28/2022
715709,2,181321,,1,11/01/2020,10/31/2021,03/31/2022,N,N,O,15101,4,03/30/2022,F,,,03/28/2022
715710,2,190128,,1,10/01/2020,09/30/2021,03/31/2022,N,N,O,07001,4,03/29/2022,F,,,02/28/2022
715715,9,250050,,1,10/01/2020,09/30/2021,03/31/2022,N,N,O,07001,4,03/29/2022,F,,,03/01/2022
715716,9,250060,,1,10/01/2020,09/30/2021,03/31/2022,N,N,O,07001,4,03/29/2022,F,,,03/01/2022
715717,2,251308,,1,10/01/2020,09/30/2021,03/31/2022,N,N,O,07001,4,03/29/2022,F,,,02/28/2022
715718,9,251309,,1,10/01/2020,09/30/2021,03/31/2022,N,N,O,07001,4,03/29/2022,F,,,03/01/2022
715719,9,251334,,1,10/01/2020,09/30/2021,03/31/2022,N,N,O,07001,4,03/29/2022,F,,,03/01/2022
715720,2,260094,,1,10/01/2020,09/30/2021,03/31/2022,N,N,O,05901,4,03/29/2022,F,,,03/02/2022
715727,2,400016,,1,10/01/2020,09/30/2021,03/31/2022,N,N,O,09001,4,03/28/2022,F,,,03/01/2022
715728,4,420043,,1,10/01/2020,09/30/2021,03/31/2022,N,N,O,05901,4,03/29/2022,F,,,03/01/2022
715735,2,450137,,1,10/01/2020,09/30/2021,03/31/2022,N,N,O,04011,4,03/30/2022,F,,,02/28/2022
715737,11,450578,,1,10/01/2020,09/30/2021,03/31/2022,N,N,O,04011,4,03/30/2022,F,,,02/28/2022
715739,4,450702,,1,10/01/2020,09/30/2021,03/31/2022,N,N,O,05901,4,03/29/2022,F,,,03/01/2022
715743,4,670132,,1,06/01/2021,09/30/2021,03/31/2022,N,N,O,04011,4,03/30/2022,F,,,03/01/2022
715744,4,030011,,1,10/01/2020,09/30/2021,03/31/2022,N,N,O,03001,4,03/30/2022,F,,,03/01/2022
715745,4,031313,,1,10/01/2020,09/30/2021,03/31/2022,N,N,O,03001,4,03/30/2022,F,,,03/01/2022
715746,2,040014,,1,10/01/2020,09/30/2021,03/31/2022,N,N,O,05901,4,03/30/2022,F,,,02/28/2022
715747,6,040019,,1,10/01/2020,09/30/2021,03/31/2022,N,N,O,05901,4,03/30/2022,F,,,02/28/2022
715748,10,040047,,1,10/01/2020,09/30/2021,03/31/2022,N,N,O,05901,4,03/30/2022,F,,,02/28/2022
715750,4,040153,,1,10/01/2020,09/30/2021,03/31/2022,N,N,O,07001,4,03/30/2022,F,,,02/28/2022
715760,12,090008,,1,10/01/2020,09/30/2021,03/31/2022,N,N,O,12001,4,03/30/2022,F,,,02/28/2022
715761,11,100130,,1,10/01/2020,09/30/2021,03/31/2022,N,N,O,09001,4,03/30/2022,F,,,03/02/2022
715762,2,100135,,1,10/01/2020,09/30/2021,03/31/2022,N,N,O,09001,4,03/30/2022,F,,,03/01/2022
715764,4,104057,,1,10/01/2020,09/30/2021,03/31/2022,N,N,O,09001,4,03/30/2022,F,,,03/02/2022
715765,4,104078,,1,11/01/2020,10/31/2021,03/31/2022,N,N,O,12001,4,03/30/2022,F,,,03/07/2022
715766,2,110030,,1,10/01/2020,09/30/2021,03/31/2022,N,N,O,05901,4,03/30/2022,F,,,02/28/2022
715767,4,130018,,1,10/01/2020,09/30/2021,03/31/2022,N,N,O,05901,4,03/30/2022,F,,,02/28/2022
715768,1,140064,,1,10/01/2020,09/30/2021,03/31/2022,N,N,O,05901,4,03/30/2022,F,,,03/23/2022
715769,1,140161,,1,10/01/2020,09/30/2021,03/31/2022,N,N,O,05901,4,03/30/2022,F,,,03/23/2022
715770,1,140162,,1,10/01/2020,09/30/2021,03/31/2022,N,N,O,05901,4,03/30/2022,F,,,03/23/2022
715771,1,140233,,1,10/01/2020,09/30/2021,03/31/2022,N,N,O,05901,4,03/30/2022,F,,,02/28/2022
715776,1,170012,,1,10/01/2020,09/30/2021,03/31/2022,N,N,O,05001,4,03/30/2022,F,,,02/28/2022
715777,1,170014,,1,10/01/2020,09/30/2021,03/31/2022,N,N,O,05001,4,03/30/2022,F,,,02/28/2022
715778,2,170027,,1,10/01/2020,09/30/2021,03/31/2022,N,N,O,05001,4,03/30/2022,F,,,02/28/2022
715779,2,171382,,1,10/01/2020,09/30/2021,03/31/2022,N,N,O,05001,4,03/30/2022,F,,,02/28/2022
715780,4,180078,,1,10/01/2020,09/30/2021,03/31/2022,N,N,O,05901,4,03/30/2022,F,,,03/01/2022
715786,2,190118,,1,10/01/2020,09/30/2021,03/31/2022,N,N,O,07001,4,03/30/2022,F,,,02/28/2022
715787,11,191302,,1,10/01/2020,09/30/2021,03/31/2022,N,N,O,07001,4,03/30/2022,F,,,03/16/2022
715788,4,194107,,1,10/01/2020,09/30/2021,03/31/2022,N,N,O,07001,4,03/31/2022,F,,,03/03/2022
715791,2,220019,,1,10/01/2020,09/30/2021,03/31/2022,N,N,O,05901,4,03/30/2022,F,,,02/28/2022
715792,2,220101,,1,10/01/2020,09/30/2021,03/31/2022,N,N,O,05901,4,03/30/2022,F,,,02/28/2022
715796,2,250067,,1,10/01/2020,09/30/2021,03/31/2022,N,N,O,07001,4,03/30/2022,F,,,02/28/2022
715797,9,250099,,1,10/01/2020,09/30/2021,03/31/2022,N,N,O,07001,4,03/30/2022,F,,,02/28/2022
715798,9,251307,,1,10/01/2020,09/30/2021,03/31/2022,N,N,O,07001,4,03/31/2022,F,,,03/04/2022
715799,9,251318,,1,10/01/2020,09/30/2021,03/31/2022,N,N,O,07001,4,03/30/2022,F,,,03/18/2022
715801,2,271329,,1,10/01/2020,09/30/2021,03/31/2022,N,N,O,03001,4,03/30/2022,F,,,03/01/2022
715803,2,281319,,1,10/01/2020,09/30/2021,03/31/2022,N,N,O,05001,4,03/31/2022,F,,,03/02/2022
715807,2,340115,,1,10/01/2020,09/30/2021,03/31/2022,N,N,O,11501,4,03/31/2022,F,,,03/31/2022
715808,4,340129,,1,10/01/2020,09/30/2021,03/31/2022,N,N,O,05901,4,03/31/2022,F,,,03/01/2022
715809,4,340132,,1,11/01/2020,10/31/2021,03/31/2022,N,N,O,11501,4,03/31/2022,F,,,03/31/2022
715810,4,341326,,1,11/01/2020,10/31/2021,03/31/2022,N,N,O,11501,4,03/31/2022,F,,,03/31/2022
715811,4,341329,,1,11/01/2020,10/31/2021,03/31/2022,N,N,O,11501,4,03/31/2022,F,,,03/31/2022
715812,2,360147,,1,10/01/2020,09/30/2021,03/31/2022,N,N,O,15201,4,03/25/2022,F,,,02/28/2022
715822,11,450132,,1,10/01/2020,09/30/2021,03/31/2022,N,N,O,04011,4,03/31/2022,F,,,03/01/2022
715824,9,451394,,5,10/01/2020,09/30/2021,03/31/2022,N,N,O,04011,4,04/01/2022,F,,,03/03/2022
715825,4,453086,,1,01/01/2021,11/30/2021,03/31/2022,N,N,O,15101,4,03/31/2022,F,,,03/18/2022
715826,2,453313,,1,10/01/2020,09/30/2021,03/31/2022,N,N,O,04011,4,03/30/2022,F,,,03/02/2022
715827,4,490023,,1,11/01/2020,10/31/2021,03/31/2022,N,N,O,11301,4,03/31/2022,F,,,03/31/2022
